restart,step,smiles,pIC50,QED,SA,MW,LogP,LogP_Penalty,Reward,EHOMO_ev,ELUMO_ev,gap_ev,esp_min,status,gap_score,esp_score,R_DFT,R0,R_total,rank_R0,rank_total,delta_rank,dft_effect
87,2,Cc1cccc(Cc2ccc(C(=O)N3CCC(NC(=O)C(C)C)CC3)o2)c1,7.609500000000008,0.8777297693735809,2.2346111845100864,368.47700000000015,3.555620000000003,0.0,8.824903766235789,-10.4968,-7.0129,3.484,-0.551,xtb_success,0.7503001143685784,0.7483333333333333,0.7497100800580048,8.824903766235789,9.124787798258991,2,1,-1,neutral
42,3,COCc1ccc(CN2CCN(C(=O)c3cccc(OC)c3)CC2)cc1,7.602900000000009,0.7999791910367352,1.7776731817713518,354.45000000000016,2.7996000000000016,0.0,8.82512227734124,-9.7743,-6.4834,3.2908,-0.543,xtb_success,0.694078244912404,0.7616666666666666,0.7143547714386828,8.82512227734124,9.110864185916713,1,2,1,neutral
52,17,NC(=O)CCc1ccc(Cc2ccc(CCC(N)=O)cc2)cc1,7.548400000000006,0.7821291998590602,1.773952447233773,310.397,2.1132,0.0,8.743794874322447,-10.3931,-6.0905,4.3025,-0.538,xtb_success,0.9409989255167123,0.77,0.8896992478616985,8.743794874322447,9.099674573467126,37,3,-34,physically_promoted
52,10,NC(=O)CCCc1ccc(CCCc2ccc(CC(N)=O)cc2)cc1,7.586800000000007,0.6976456516867432,1.9247090909978797,338.451,2.6977,0.0,8.743151916743592,-10.3492,-6.1014,4.2478,-0.535,xtb_success,0.9317175156827913,0.775,0.8847022609779538,8.743151916743592,9.097032821134773,38,4,-34,physically_promoted
73,44,Cc1ccc(CCc2ccc(S(=O)(=O)C(C)C)cc2)cc1F,7.568900000000009,0.8309102942074881,1.9224995110329104,320.42900000000003,4.101420000000004,0.0,8.792105196000463,-10.7096,-6.9798,3.7298,-0.648,xtb_success,0.8173597055044022,0.5866666666666667,0.7481517938530815,8.792105196000463,9.091365913541695,7,5,-2,neutral
3,10,COc1cc(-c2cc(OC)c(OC)c(OC)c2)cc(OC)c1OC,7.557000000000008,0.7733670911887162,1.6068422746004494,334.3680000000001,3.4052000000000024,0.0,8.78299931813432,-10.2405,-6.8039,3.4366,-0.332,xtb_success,0.7367346848686056,0.83,0.764714279408024,8.78299931813432,9.088885029897531,17,6,-11,physically_promoted
52,11,NC(=O)CCc1ccc(CCc2ccc(CC(N)=O)cc2)cc1,7.547200000000005,0.7801442554165988,1.8429740925004603,310.397,1.9174999999999995,0.0,8.734700237574545,-10.298,-6.021,4.2769,-0.544,xtb_success,0.9367309280188032,0.76,0.8837116496131622,8.734700237574545,9.08818489741981,43,7,-36,physically_promoted
63,12,COCCc1ccc(CC[C@](C)(O)Cc2ccc(C)cc2)cc1,7.57820000000001,0.7946285041818818,2.4624776367926007,312.453,4.110220000000004,0.0,8.717939683416553,-10.3324,-5.9091,4.4233,-0.502,xtb_success,0.9592794384961294,0.8300000000000001,0.9204956069472905,8.717939683416553,9.08613792619547,63,8,-55,physically_promoted
14,2,COCCN(C)C(=O)c1cc(C(=O)N2CCC(C)CC2)ccc1F,7.557200000000008,0.8296337879548096,2.1207181186753328,336.40700000000004,2.4162,0.0,8.75994508210988,-10.761,-6.9876,3.7735,-0.53,xtb_success,0.8285834017246573,0.7833333333333333,0.81500838120726,8.75994508210988,9.085948434592783,27,9,-18,physically_promoted
3,15,COc1cc(OC)c(OC)c(-c2cc(OC)c(OC)c(OC)c2)c1,7.59120000000001,0.7733670911887162,1.9649174193746344,334.36800000000005,3.4052000000000024,0.0,8.781391803656906,-10.1232,-6.6963,3.4269,-0.329,xtb_success,0.7339381991542135,0.8225,0.7605067394079494,8.781391803656906,9.085594499420086,19,10,-9,physically_promoted
64,14,CC(C)(C)c1ccc(Cc2cc(CCCC(N)=O)ccn2)cc1,7.577500000000008,0.8824987477291736,2.124930878743063,310.4409999999999,3.7779000000000016,0.0,8.788147363119538,-9.984,-6.6073,3.3767,-0.529,xtb_success,0.7193639492302826,0.785,0.7390547644611978,8.788147363119538,9.083769268904017,12,11,-1,neutral
99,4,COCCc1ccc(Cc2ccc(C(C)(C)C)cc2C#CCO)cc1,7.567200000000009,0.832860706155543,2.3511074999129065,336.4750000000001,4.107600000000003,0.0,8.74851960308649,-10.2667,-6.4669,3.7998,-0.512,xtb_success,0.8352200925259432,0.8133333333333334,0.8286540647681602,8.74851960308649,9.079981228993754,33,12,-21,physically_promoted
3,6,COc1cc(OC)c(OC)c(-c2cc(C)c(OC)cc2OC)c1,7.561200000000009,0.8123785740185984,2.0148738389078997,318.369,3.705020000000003,0.0,8.765370012422554,-9.9151,-6.4264,3.4887,-0.339,xtb_success,0.7516357395746338,0.8475,0.7803950177022436,8.765370012422554,9.077528019503452,23,13,-10,physically_promoted
73,45,Cc1ccc(Cc2ccc(CS(=O)(=O)C(C)C)cc2)cc1F,7.539900000000008,0.8327262641961382,2.041731049494448,320.429,4.048120000000004,0.0,8.752090027148633,-10.6141,-6.4863,4.1277,-0.646,xtb_success,0.9092698071950243,0.59,0.8134888650365169,8.752090027148633,9.077485573163239,32,14,-18,physically_promoted
51,12,COCc1ccc(CCc2ccc(CN(OC)OC)cc2)cc1,7.611400000000008,0.6623199295964269,2.3001705422046026,315.413,3.543000000000003,0.0,8.70834363848199,-10.5004,-6.2034,4.297,-0.353,xtb_success,0.9400933266275995,0.8825,0.9228153286393195,8.70834363848199,9.077469769937718,89,15,-74,physically_promoted
86,52,NC(=O)Cc1ccc(-c2ccc(-c3ccc(CC(N)=O)cc3)cc2)cc1,7.592200000000004,0.7198180512365173,1.6156016992376117,344.414,3.076200000000001,0.0,8.790548855694501,-10.179,-6.9135,3.2655,-0.533,xtb_success,0.6865602584822832,0.7783333333333333,0.7140921809375982,8.790548855694501,9.076185728069541,8,16,8,neutral
60,16,CCCc1c(Cc2ccc(CCOC)c(OC)c2)cccc1OC,7.58390000000001,0.6811008115880309,2.120470813039791,328.452,4.436000000000004,0.0,8.712403324490047,-10.1437,-5.9808,4.1629,-0.355,xtb_success,0.9161345364401089,0.8875,0.9075441755080762,8.712403324490047,9.075420994693278,75,17,-58,physically_promoted
57,5,CC(C)(C)c1ccc(C(=O)N2CCN(CCc3ccccn3)CC2)cc1,7.583200000000009,0.8472169930185952,1.9611423792765503,351.494,3.3796000000000026,0.0,8.810694258581652,-9.7234,-6.7071,3.0164,-0.549,xtb_success,0.6115040994210184,0.7516666666666666,0.6535528695947128,8.810694258581652,9.072115406419536,4,18,14,neutral
57,3,O=C(Nc1ccc(Cc2ccccn2)cc1)N1CCN(C(=O)C2CCCCC2)CC1,7.58190000000001,0.8366928697810461,2.108563718052876,406.5300000000004,3.9288000000000025,0.0,8.789390063085246,-9.9576,-6.6896,3.268,-0.559,xtb_success,0.6873043993214307,0.735,0.7016130795250015,8.789390063085246,9.070035294895247,11,19,8,neutral
51,13,COCCc1ccc(CCc2ccc(CCOC)cc2)cc1,7.59610000000001,0.6998716063048955,1.5840060892083798,298.426,3.8496000000000032,0.0,8.698748972957892,-10.3385,-6.0285,4.31,-0.354,xtb_success,0.942223755720672,0.8849999999999999,0.9250566290044703,8.698748972957892,9.06877162455968,111,20,-91,physically_promoted
92,10,COCc1ccc(Cc2ccc(Cc3cc(OC)ccn3)cc2)cc1,7.613600000000011,0.6413053438422793,1.9602990760080448,333.431,4.418200000000003,0.0,8.738222764320346,-10.0806,-6.4429,3.6377,-0.351,xtb_success,0.7929598721204725,0.8775,0.8183219104843307,8.738222764320346,9.065551528514078,39,21,-18,physically_promoted
60,57,COCCc1cccc(CCc2cccc(COC)c2OC)c1OC,7.599500000000007,0.6564251353917736,2.3293171083326563,344.4510000000001,3.824300000000004,0.0,8.694780856862629,-10.5712,-6.25,4.3212,-0.35,xtb_success,0.9440310891097082,0.8749999999999999,0.9233217623767956,8.694780856862629,9.064109561813346,126,22,-104,physically_promoted
92,4,COCc1ccc(CCN2CCN(C(=O)C3(OC)CCCCC3)CC2)cc1,7.635600000000008,0.7359856256424561,2.3987460801812155,374.52500000000026,2.8690000000000007,0.0,8.763718204803114,-9.4291,-5.989,3.4401,-0.533,xtb_success,0.7377420794914477,0.7783333333333333,0.7499194556440134,8.763718204803114,9.063685987060719,24,23,-1,neutral
60,50,COCCc1cccc(Cc2cccc(COC)c2OC)c1OC,7.569700000000008,0.70344124042064,2.336130767790925,330.4240000000001,3.629900000000003,0.0,8.687807543431235,-10.6787,-6.2657,4.413,-0.353,xtb_success,0.9578432610422795,0.8825,0.9352402827295956,8.687807543431235,9.061903656523073,145,24,-121,physically_promoted
59,30,COCCCc1ccc(CCc2ccc(COC)cc2)cc1,7.633300000000009,0.6460504052048717,1.7339173475713725,298.426,4.197200000000004,0.0,8.694047246571579,-10.3743,-6.1268,4.2475,-0.352,xtb_success,0.9316649438405519,0.8799999999999999,0.9161654606883862,8.694047246571579,9.060513430846934,129,25,-104,physically_promoted
52,23,NC(=O)CCc1ccc(Cc2ccc(Cc3ccc(CC(N)=O)cc3)cc2)cc1,7.604300000000004,0.5910238398575833,1.882281841054727,386.4950000000001,3.313900000000001,0.0,8.711583735823323,-10.3051,-6.1593,4.1458,-0.535,xtb_success,0.9128285486628364,0.775,0.8714799840639853,8.711583735823323,9.060175729448918,79,26,-53,physically_promoted
10,8,COCc1ccc(Cc2ccc(CCOC(C)C)cc2)cc1,7.602500000000009,0.7192883234041092,1.863606873670273,298.426,4.391300000000004,0.0,8.686897253061309,-10.4589,-6.1164,4.3425,-0.359,xtb_success,0.9473958383106715,0.8975,0.93242708681747,8.686897253061309,9.059868087788297,147,27,-120,physically_promoted
48,2,COCc1ccc(C(=O)N2CCN(c3ccccn3)CC2)cc1,7.547500000000011,0.8681648101470093,1.812635754604143,311.38500000000005,2.1904000000000003,0.0,8.78558480843557,-9.7007,-6.5897,3.111,-0.542,xtb_success,0.6401580852031392,0.7633333333333333,0.6771106596421974,8.78558480843557,9.056429072292449,13,28,15,neutral
43,16,COCCc1ccc(Cc2ccc(Cc3cc(OC)ccn3)cc2)cc1,7.628900000000008,0.6027336149558169,2.003472809301716,347.458,4.4607000000000046,0.0,8.729919526547745,-10.0701,-6.4456,3.6246,-0.349,xtb_success,0.7894130021198034,0.8724999999999999,0.8143391014838623,8.729919526547745,9.055655167141289,46,29,-17,physically_promoted
17,4,Cc1ccc(CN(CC(N)=O)C(=O)Cc2ccc(CC(N)=O)cc2)cc1,7.531700000000005,0.7413244241151555,2.0497179510021226,353.4220000000001,1.0794200000000005,0.0,8.697390416957372,-10.4995,-6.1601,4.3394,-0.535,xtb_success,0.9469120664166522,0.775,0.8953384464916565,8.697390416957372,9.055525795554034,117,30,-87,physically_promoted
72,5,CCCc1ccc(OC)cc1N1CCN(c2ccc(F)c(C)c2)CC1,7.589900000000008,0.7997641665765554,2.054190131084553,342.4580000000001,4.421820000000004,0.0,8.784363070179829,-9.1956,-6.1287,3.0669,-0.317,xtb_success,0.6268114813576231,0.7925,0.6765180369503361,8.784363070179829,9.054970284959964,14,31,17,neutral
72,15,CCc1ccc(Cc2ccc(CC)c(CC)c2)c(CC(N)=O)c1,7.530900000000008,0.8253258566525065,2.253576792204603,309.453,3.9924000000000017,0.0,8.696203065378318,-10.3413,-6.0062,4.335,-0.536,xtb_success,0.9462219433752926,0.7733333333333333,0.8943553603627048,8.696203065378318,9.0539452095234,121,32,-89,physically_promoted
42,4,COCc1ccc(Cc2cccc(C(=O)N3CC[C@H](OC)C3)c2)cc1,7.562600000000007,0.8105895085586278,2.4493139224806164,339.43500000000006,3.2847000000000017,0.0,8.722963362031258,-10.6175,-6.7583,3.8591,-0.55,xtb_success,0.8498404939784642,0.75,0.8198883457849249,8.722963362031258,9.050918700345228,55,33,-22,physically_promoted
3,20,CCCc1cc(OC)c(-c2cc(OC)cc(OC)c2OC)c(OC)c1,7.562800000000011,0.7110153158651228,2.140703410089685,346.4230000000001,4.349100000000004,0.0,8.704237316923603,-10.0962,-6.1752,3.9209,-0.348,xtb_success,0.8645405223199866,0.8699999999999999,0.8661783656239905,8.704237316923603,9.050708663173198,100,34,-66,physically_promoted
73,30,CC(C)S(=O)(=O)c1ccc(Cc2ccc(S(=O)(=O)C(C)C)cc2)cc1,7.552200000000008,0.7671356752535823,1.992001726394253,380.5310000000001,3.641600000000003,0.0,8.736567664987373,-11.0825,-7.134,3.9486,-0.649,xtb_success,0.8709416947114949,0.585,0.7851591862980464,8.736567664987373,9.050631339506591,40,35,-5,neutral
14,5,COCCN(C)C(=O)c1cc(CCC2CCN(C(=O)OC)CC2)ccc1C,7.566300000000005,0.733584501257796,2.2991862695303293,376.4970000000001,3.1244200000000024,0.0,8.70317362367587,-10.4438,-6.2674,4.1764,-0.567,xtb_success,0.9187055413438348,0.7216666666666668,0.8595938789406843,8.70317362367587,9.047011175252143,102,36,-66,physically_promoted
51,5,COCc1ccc(C(=O)N2CCN(CC3CCCCC3)CC2)cc1,7.579000000000009,0.831189609535327,1.9054185182757328,330.4720000000001,3.171100000000002,0.0,8.804052952940099,-9.3459,-6.5863,2.7596,-0.549,xtb_success,0.5339655154052363,0.7516666666666666,0.5992758607836653,8.804052952940099,9.043763297253564,5,37,32,neutral
67,3,COCc1ccc(Cc2ccccn2)cc1C(=O)N1CCCCC1,7.546800000000007,0.8458701984966871,2.1256475292647448,324.4240000000002,3.4449000000000023,0.0,8.757170346321876,-10.059,-6.7418,3.3172,-0.552,xtb_success,0.7018911247031129,0.7466666666666666,0.7153237872921789,8.757170346321876,9.043299861238747,28,38,10,neutral
65,2,COCc1ccc(OC)c(C(=O)N2CCN(c3ccccc3)CC2)c1,7.541500000000006,0.8393225038231562,1.8332012361766417,340.42300000000006,2.804000000000001,0.0,8.777841128293922,-9.4403,-6.4112,3.0291,-0.537,xtb_success,0.615355055806391,0.7716666666666666,0.6622485390644737,8.777841128293922,9.042740543919711,20,39,19,neutral
51,4,COCc1ccc(C(=O)N(c2ccccn2)C2CCCCC2)cc1,7.557300000000009,0.8272663401955912,2.1512688479460635,324.4240000000001,4.207500000000004,0.0,8.755806285303198,-10.307,-7.0745,3.2325,-0.514,xtb_success,0.6767136725191836,0.81,0.7166995707634285,8.755806285303198,9.04248611360857,30,40,10,neutral
60,56,COCCc1cccc(Cc2cccc(OC)c2OC)c1COC,7.548000000000007,0.70344124042064,2.2431599533112845,330.4240000000001,3.629900000000003,0.0,8.6754046248792,-10.5088,-6.2604,4.2484,-0.352,xtb_success,0.9318226053689563,0.8799999999999999,0.9162758237582693,8.6754046248792,9.041914954382507,177,41,-136,physically_promoted
64,11,CC(C)(C)c1ccc(CCCc2cc(CCCC(N)=O)ccn2)cc1,7.575100000000008,0.7771452600368048,2.168340247165654,338.49499999999995,4.362400000000003,0.0,8.746838605301846,-9.933,-6.5721,3.3609,-0.53,xtb_success,0.7147438149588755,0.7833333333333333,0.7353206704712129,8.746838605301846,9.040966873490332,34,42,8,neutral
3,21,COc1cc(OC)c(OC)c(-c2cc(OC)cc(OC)c2OC)c1,7.534300000000006,0.7733670911887162,1.9190759220137856,334.3680000000001,3.4052000000000024,0.0,8.729075953392986,-10.0321,-6.5478,3.4843,-0.335,xtb_success,0.7503854198997536,0.8375,0.7765197939298275,8.729075953392986,9.039683870964916,48,43,-5,neutral
81,4,O=C([O-])c1ccc(C(=O)NCc2ccc(C3CCCCC3)cc2)s1,7.577400000000001,0.907636484889226,2.4136000280702863,342.44000000000005,3.089300000000001,0.0,8.789858239637585,-10.9258,-8.0569,2.8689,-0.545,xtb_success,0.5668285503872029,0.7583333333333333,0.624279985271042,8.789858239637585,9.039570233746002,10,44,34,neutral
45,3,COc1ccc(OC2CN(C(=O)N(C)C3CCCCC3)C2)cc1,7.509200000000005,0.8562678317738766,2.189343086583301,318.4170000000001,3.1427000000000023,0.0,8.717898554997229,-10.0461,-6.2201,3.826,-0.579,xtb_success,0.8417396641655046,0.7016666666666668,0.7997177649158532,8.717898554997229,9.03778566096357,64,45,-19,physically_promoted
48,3,COCc1ccc(C(=O)N2CCN(c3ccccc3)CC2)cc1,7.560700000000013,0.8703710270441913,1.6438015410564972,310.39700000000005,2.7954000000000008,0.0,8.813230878532746,-9.2905,-6.737,2.5535,-0.542,xtb_success,0.4732316418729899,0.7633333333333333,0.5602621493110929,8.813230878532746,9.037335738257184,3,46,43,neutral
93,7,COCCc1ccc(Cc2nc(CC3(O)CCCCC3)cs2)cc1,7.565400000000006,0.8191495597254288,2.442384232561446,345.50800000000004,4.160500000000003,0.0,8.730736356606574,-10.4939,-7.0618,3.4321,-0.51,xtb_success,0.7354381747700915,0.8166666666666667,0.7598067223390641,8.730736356606574,9.034659045542199,45,47,2,neutral
48,4,COCc1ccc(C(=O)N2CCN(C3CCCCC3)CC2)cc1,7.563200000000011,0.8560607393854576,1.893162505465224,316.44500000000005,2.923500000000001,0.0,8.799389705850047,-9.3722,-6.7372,2.6351,-0.551,xtb_success,0.49703541332446133,0.7483333333333333,0.5724247893271228,8.799389705850047,9.028359621580895,6,48,42,neutral
14,4,COCCN(C)C(=O)c1cc(Cc2ccnc(OC)c2)ccc1C,7.551900000000005,0.7840546118965055,2.2469129417626927,328.41200000000003,2.7078200000000017,0.0,8.71923601177199,-10.2719,-6.6956,3.5762,-0.546,xtb_success,0.7761567319737366,0.7566666666666666,0.7703097123816155,8.71923601177199,9.027359896724636,59,49,-10,physically_promoted
57,8,CC(C)(C)c1ccc(CC[C@H]2CCN(C(=O)c3ccccn3)C2)cc1,7.621400000000011,0.8249005320767268,2.500413245340855,336.479,4.474000000000005,0.0,8.78380894150429,-10.2211,-7.4103,2.8108,-0.561,xtb_success,0.5493197524325489,0.7316666666666666,0.6040238267027842,8.78380894150429,9.025418472185404,16,50,34,neutral
24,5,COc1cc([C@@H]2C[C@H]2C(=O)N2CCC(C(=O)[O-])CC2)cc(C2(O)CCCCC2)c1,7.632800000000002,0.8158153205974006,3.631281780776592,400.4950000000002,1.938899999999999,0.0,8.677579482221043,-10.3569,-6.3474,4.0095,-0.501,xtb_success,0.8845853443321375,0.8316666666666667,0.8687097410324962,8.677579482221043,9.02506337863404,167,51,-116,physically_promoted
3,13,CCCc1cc(OC)c(OC)c(-c2cc(OC)cc(OC)c2OC)c1,7.567700000000013,0.7110153158651228,2.1295161191197867,346.4230000000001,4.349100000000004,0.0,8.710256046020596,-10.1065,-6.5689,3.5377,-0.334,xtb_success,0.7654509350391163,0.835,0.7863156545273813,8.710256046020596,9.024782307831549,84,52,-32,physically_promoted
52,24,NC(=O)CCc1ccc(-c2ccc(CCC(N)=O)cc2)cc1,7.569700000000003,0.8202117375805384,1.7305211627397714,296.36999999999995,2.1894,0.0,8.701088281774982,-10.2153,-6.5366,3.6787,-0.532,xtb_success,0.8039411481907943,0.78,0.796758803733556,8.701088281774982,9.019791803268404,105,53,-52,physically_promoted
96,3,COc1ccc(Cc2ccc(C(=O)NC3=CCCCO3)cn2)cc1,7.576000000000011,0.9180823671824908,2.5114231336603474,324.38,3.062600000000001,0.0,8.783898870225222,-10.0568,-7.4554,2.6013,-0.506,xtb_success,0.4871319679215234,0.8233333333333334,0.5879923775450664,8.783898870225222,9.01909582124325,15,54,39,neutral
52,8,NC(=O)Cc1ccc(CCc2ccc(CC3CCCCC3)cc2)cc1,7.588200000000008,0.7878849184855369,1.9075774743220588,335.49100000000004,4.622400000000004,0.1224000000000042,8.668984711810568,-10.3028,-6.133,4.1698,-0.536,xtb_success,0.9174529280015523,0.7733333333333333,0.8742170496010866,8.668984711810568,9.018671531651002,198,55,-143,physically_promoted
63,11,COCCc1ccc(CC(=O)C(C)(C)c2ccc(C)cc2)cc1,7.5607000000000095,0.763025896564199,2.0421395325892178,310.43699999999995,4.273320000000004,0.0,8.719875051690385,-10.1954,-7.0526,3.1429,-0.423,xtb_success,0.6497922703482139,0.9616666666666667,0.7433545892437496,8.719875051690385,9.017216887387885,58,56,-2,neutral
58,15,CCCn1nc(CCOC)cc1Cc1ccc(Cl)c(Cl)c1,7.556100000000007,0.7545037290264186,2.4088652631961853,327.255,4.379600000000004,0.0,8.692465338193598,-10.3348,-6.722,3.6128,-0.348,xtb_success,0.7862028193138343,0.8699999999999999,0.8113419735196838,8.692465338193598,9.017002127601472,132,57,-75,physically_promoted
99,16,CCCc1ccc(-c2nc(C(C)(C)C)cs2)cc1CC(N)=O,7.566200000000008,0.9030158842217344,2.449574126417525,316.4700000000001,4.087900000000002,0.0,8.770261452371502,-10.2796,-7.476,2.8036,-0.533,xtb_success,0.5471558387331942,0.7783333333333333,0.6165090871132359,8.770261452371502,9.016865087216797,21,58,37,neutral
13,15,NC(=O)CCCc1ccc(CCc2cc(CC(N)=O)ccn2)cc1,7.579100000000006,0.7337334259172947,2.1676576908678467,325.412,1.7025999999999992,0.0,8.729200943871868,-10.0015,-6.7195,3.2821,-0.53,xtb_success,0.6914962497479641,0.7833333333333333,0.7190473748235748,8.729200943871868,9.016819893801298,47,59,12,neutral
64,5,Cc1ccc(N(CCC(C)(C)C)Cc2ccc(CC(N)=O)cc2)cc1,7.567000000000008,0.8096435493774401,2.150295383333832,338.49500000000006,4.465620000000003,0.0,8.756792236355345,-9.1636,-6.2032,2.9604,-0.533,xtb_success,0.5945229141666839,0.7783333333333333,0.6496660399166787,8.756792236355345,9.016658652322016,29,60,31,neutral
43,13,COCc1cc(Cc2ccc(Cc3cc(OC)ccn3)cc2)cc(OC)c1,7.609400000000007,0.5937036406157253,2.1741827665717484,363.4570000000001,4.426800000000004,0.0,8.688833543650695,-10.0632,-6.4183,3.6449,-0.347,xtb_success,0.7949015557424978,0.8674999999999999,0.8166810890197483,8.688833543650695,9.015505979258595,141,61,-80,physically_promoted
2,1,Cc1cccc(C(=O)N2CCN(C(=O)Nc3csc(=O)[nH]3)CC2)c1,7.528200000000006,0.8683596429683621,2.5032843877004254,346.4120000000001,1.73472,0.0,8.712051382714145,-10.1603,-6.6732,3.487,-0.546,xtb_success,0.7511528457174136,0.7566666666666666,0.7528069920021895,8.712051382714145,9.01317417951502,76,62,-14,physically_promoted
36,25,COc1ccc(C[C@H](OC)c2c(OC)cccc2OC)cc1OC,7.56160000000001,0.7382384734458449,2.549889721063224,332.3960000000001,3.651200000000003,0.0,8.675730264616611,-9.9043,-6.1227,3.7816,-0.343,xtb_success,0.830637068665763,0.8575,0.8386959480660341,8.675730264616611,9.011208643843025,173,63,-110,physically_promoted
52,13,NC(=O)CCc1ccc(CCc2nc(CC(N)=O)cs2)cc1,7.555600000000003,0.7689132732947446,2.204593828650776,317.414,1.3739999999999994,0.0,8.718260668608977,-10.4532,-7.1074,3.3458,-0.537,xtb_success,0.7103146735136003,0.7716666666666666,0.7287202714595202,8.718260668608977,9.009748777192785,61,64,3,neutral
92,68,COCc1cc(Cc2cc(Cc3cccc(C)c3)ccn2)ccn1,7.60320000000001,0.6857636016916552,2.2808055512427643,318.42,4.113020000000003,0.0,8.717502090341078,-10.0827,-6.8648,3.2179,-0.341,xtb_success,0.672344076261045,0.8525,0.7263908533827315,8.717502090341078,9.00805843169417,65,65,0,neutral
52,5,NC(=O)CN(CCc1ccc(CC2(O)CCCCC2)cc1)C1CCCCC1,7.564500000000009,0.732771390643335,2.441445488465241,372.55300000000017,3.586800000000002,0.0,8.686741146475152,-9.5395,-5.7992,3.7403,-0.544,xtb_success,0.8200782542622913,0.76,0.8020547779836038,8.686741146475152,9.007563057668593,148,66,-82,physically_promoted
73,24,CC(C)S(=O)(=O)Cc1ccc(Cc2ccc(CS(=O)(=O)C(C)C)cc2)cc1,7.568800000000002,0.6637363754606935,2.1541888394898336,408.5850000000001,3.923800000000004,0.0,8.685249303781365,-10.6119,-6.5292,4.0828,-0.649,xtb_success,0.9001832007353523,0.585,0.8056282405147466,8.685249303781365,9.007500599987264,153,67,-86,physically_promoted
72,12,COCc1ccc(Cc2cc(CC(N)=O)cc(OC)c2)cc1-c1ccc(C)cc1,7.586300000000008,0.619668912281152,2.236914264860811,389.4950000000001,4.435620000000004,0.0,8.672443029654502,-10.2732,-6.4029,3.8703,-0.534,xtb_success,0.852546299316945,0.7766666666666666,0.8297824095218614,8.672443029654502,9.004355993463246,185,68,-117,physically_promoted
52,16,NC(=O)CCc1ccc(Cc2nc(CCC(N)=O)cs2)cc1,7.544000000000002,0.7726704365704022,2.219605739320752,317.414,1.5697,0.0,8.707038059179808,-10.5576,-7.1187,3.4389,-0.56,xtb_success,0.737396786367728,0.7333333333333333,0.7361777504574095,8.707038059179808,9.001509159362772,91,69,-22,physically_promoted
51,11,COCCc1ccc(Cc2ccc(Cc3ccccn3)cc2)cc1,7.56700000000001,0.6419992381307027,1.867940712982433,317.432,4.452100000000003,0.0,8.699887492366166,-9.9943,-6.6926,3.3016,-0.354,xtb_success,0.6972785407519899,0.8849999999999999,0.7535949785263929,8.699887492366166,9.001325483776723,108,70,-38,physically_promoted
73,31,CC(C)S(=O)(=O)Cc1ccc(Cc2ccc(S(=O)(=O)C(C)C)cc2)cc1,7.565300000000007,0.716543348646717,2.191440698254869,394.5580000000001,3.782700000000003,0.0,8.704427604497878,-10.7036,-7.0044,3.6992,-0.649,xtb_success,0.8093611226514912,0.585,0.7420527858560437,8.704427604497878,9.001248718840296,98,71,-27,physically_promoted
11,3,COc1ccc(/C=C\COCC(N)=O)cc1-c1ccc(F)c(F)c1,7.564100000000007,0.7918990009334,2.3227278671358285,333.334,3.155500000000001,0.0,8.727776713753123,-10.2435,-7.1157,3.1277,-0.537,xtb_success,0.645204207673315,0.7716666666666666,0.6831429453713205,8.727776713753123,9.00103389190165,51,72,21,neutral
46,11,COCc1ccc(Cc2ccc(Cc3ccccn3)cc2)cc1,7.598600000000007,0.6727136968814232,1.82097280464804,303.40500000000003,4.409600000000004,0.0,8.699270131106182,-10.0006,-6.6977,3.303,-0.352,xtb_success,0.6976929832921607,0.8799999999999999,0.7523850883045125,8.699270131106182,9.000224166427987,110,73,-37,physically_promoted
64,6,CC(C)(C)c1ccc(CCCc2nc(CC(N)=O)cs2)cc1,7.491800000000003,0.8842216082509399,2.1961069637441337,316.4699999999999,3.6437000000000017,0.0,8.711811030653436,-10.3598,-7.0555,3.3043,-0.536,xtb_success,0.6980777370774089,0.7733333333333333,0.7206544159541862,8.711811030653436,9.000072797035111,77,74,-3,neutral
46,18,COCCCCCc1ccc(Cc2cc(COC)ccn2)cc1,7.603600000000008,0.6166945785266962,2.0556233550633856,313.441,4.178000000000004,0.0,8.697817766859806,-10.0384,-6.7222,3.3162,-0.352,xtb_success,0.7015958135120838,0.8799999999999999,0.7551170694584586,8.697817766859806,8.99986459464319,114,75,-39,physically_promoted
88,7,NC(=O)CCc1ccc(Cc2ccc(-c3ccccn3)cc2)cc1,7.551800000000009,0.7525943704150915,1.8119213754185903,316.404,3.7573000000000025,0.0,8.744322145911422,-9.9836,-7.0653,2.9183,-0.538,xtb_success,0.5817675199848694,0.77,0.6382372639894085,8.744322145911422,8.999617051507185,36,76,40,neutral
92,18,COCc1ccc(Cc2cc(Cc3cc(OC)ccn3)ccn2)cc1,7.593900000000008,0.6588733890081826,2.217122469053354,334.419,3.813200000000003,0.0,8.701624447598764,-10.0518,-6.781,3.2707,-0.349,xtb_success,0.6881077697413259,0.8724999999999999,0.7434254388189281,8.701624447598764,8.998994623126336,104,77,-27,physically_promoted
39,1,O=C(Cc1ccccc1C(=O)NC1CCOCC1)OCc1c(F)cccc1F,7.523000000000005,0.7712101204236138,2.2630392754318933,389.398,3.159500000000002,0.0,8.682301132668623,-10.7566,-7.1192,3.6375,-0.533,xtb_success,0.7929058575337413,0.7783333333333333,0.7885341002736188,8.682301132668623,8.997714772778071,158,78,-80,physically_promoted
11,1,COc1ccc(CN(CC(N)=O)c2ccccc2Cl)cc1F,7.482400000000004,0.8892185296244719,2.102579599305294,322.76700000000005,2.9796000000000014,0.0,8.716751304881711,-9.6668,-6.4638,3.203,-0.534,xtb_success,0.667877086247202,0.7766666666666666,0.7005139603730414,8.716751304881711,8.996956889030928,67,79,12,neutral
57,22,NC(=O)Cc1ccc(-c2ccc(Cc3ccccn3)c(CC(N)=O)c2)cc1,7.6014000000000035,0.677362430072587,2.2511165712286303,359.42900000000014,2.3950000000000005,0.0,8.714969557913435,-10.2126,-6.944,3.2686,-0.553,xtb_success,0.6874829532648123,0.745,0.7047380672853686,8.714969557913435,8.996864784827581,71,80,9,neutral
62,11,COCCc1cc(CCc2ccc(C(C)(C)C)cc2)ccn1,7.597200000000011,0.7903971848215374,2.0667910991222413,297.442,4.353200000000004,0.0,8.688954340681924,-9.9337,-6.5416,3.3921,-0.35,xtb_success,0.723852380842175,0.8749999999999999,0.7691966665895223,8.688954340681924,8.996633007317733,140,81,-59,physically_promoted
15,5,COc1ccc(CC2CCC(N3CCN(C(=O)c4ccccc4)CC3)CC2)cc1,7.584900000000007,0.7624054347994099,1.9727876364533508,392.5430000000002,4.254500000000004,0.0,8.768823953754378,-9.2833,-6.6761,2.6072,-0.55,xtb_success,0.48885640643611705,0.75,0.5671994845052819,8.768823953754378,8.99570374755649,22,82,60,neutral
57,25,NC(=O)Cc1ccnc(Cc2ccc(Cc3ccccn3)cc2)c1,7.549600000000002,0.7597360671922387,2.165016100693314,317.392,2.686000000000001,0.0,8.711607015560046,-10.01,-6.7861,3.2239,-0.528,xtb_success,0.6741407235252558,0.7866666666666666,0.707898506467679,8.711607015560046,8.994766418147119,78,83,5,neutral
34,1,CNCc1ccc(C(=O)Nc2ccc3c(c2)CCCN3S(C)(=O)=O)cc1,7.577500000000006,0.8434154438341528,2.090560574816662,373.478,2.3705000000000007,0.0,8.790151664435417,-9.7527,-7.1696,2.5831,-0.652,xtb_success,0.48182432551631094,0.58,0.5112770278614176,8.790151664435417,8.994662475579984,9,84,75,neutral
7,14,NC(=O)Cc1ccnc(-c2ccc(CC(N)=O)cc2CC(F)(F)F)c1,7.567600000000004,0.8314161598402857,2.581786982782978,351.328,1.909,0.0,8.72512938164185,-10.2647,-7.2167,3.048,-0.53,xtb_success,0.6210845841271403,0.7833333333333333,0.6697592088889981,8.72512938164185,8.993033065197448,53,85,32,neutral
86,15,NC(=O)Cc1ccc(-c2ccc(-c3cc(CC(N)=O)ccn3)cc2)cc1,7.591400000000004,0.7176399343041158,2.045399967634138,345.402,2.4712000000000005,0.0,8.745679970388647,-10.0275,-7.2214,2.8061,-0.533,xtb_success,0.5479070346361369,0.7783333333333333,0.6170349242452957,8.745679970388647,8.992493940086765,35,86,51,neutral
31,12,Cc1ccc(-c2cc(CCS(C)(=O)=O)cc(CCS(C)(=O)=O)c2O)cc1,7.555100000000006,0.776900258919649,2.45834113781531,396.53000000000014,2.5418200000000004,0.0,8.6977160156783,-10.2277,-6.5496,3.6782,-0.655,xtb_success,0.8038083531065063,0.575,0.7351658471745544,8.6977160156783,8.991782354548121,115,87,-28,physically_promoted
25,9,COCc1ccc(Cc2ccc(Cc3c(C)occc3=O)cc2)cc1,7.603100000000008,0.6754316908258609,2.252049313099718,334.415,4.276220000000003,0.0,8.715610914102967,-10.39,-7.2394,3.1507,-0.535,xtb_success,0.6521446986393159,0.775,0.689001289047521,8.715610914102967,8.991211429721975,69,88,19,neutral
35,28,COCc1ccc(Cc2ccc(Cc3nc(OC)cs3)cc2)cc1,7.603900000000009,0.635861344818333,2.2159323644295785,339.46,4.479700000000004,0.0,8.700237435966217,-10.2836,-7.1126,3.171,-0.352,xtb_success,0.6582601079050703,0.8799999999999999,0.7247820755335491,8.700237435966217,8.990150266179636,107,89,-18,physically_promoted
2,2,NC(=O)Cc1ccc(C(=O)N2CCN(Cc3csc(=O)[nH]3)CC2)cc1,7.560100000000003,0.8071796052867762,2.444957845060717,360.4390000000001,0.4222000000000004,0.0,8.719194018137319,-9.7417,-6.6482,3.0935,-0.546,xtb_success,0.6348650760992983,0.7566666666666666,0.6714055532695088,8.719194018137319,8.987756239445122,60,90,30,neutral
53,4,CCCCN(CC)CCN1CCN(c2ccc(F)cc2)CC1,7.577400000000009,0.7306476071744827,1.9370750055384052,307.45700000000005,3.069700000000002,0.0,8.718040816418808,-9.3021,-6.2085,3.0936,-0.299,xtb_success,0.6348953352834961,0.7474999999999999,0.6686767346984472,8.718040816418808,8.985511510298187,62,91,29,neutral
52,9,NC(=O)CCCc1csc(CCc2ccc(CCC(N)=O)cc2)n1,7.564400000000004,0.689920275810404,2.267014025709475,345.4680000000001,2.1541999999999994,0.0,8.682658735334257,-10.4287,-6.9613,3.4674,-0.533,xtb_success,0.7455688126596577,0.7783333333333333,0.7553981688617604,8.682658735334257,8.984818002878962,157,92,-65,physically_promoted
52,7,NC(=O)CCc1ccc(CCN(CC(N)=O)CC2CCCCC2)cc1,7.551900000000006,0.6796242347192738,2.212083088831029,345.48700000000014,2.0146,0.0,8.67050380847654,-9.5879,-5.9614,3.6264,-0.541,xtb_success,0.7899014248321972,0.765,0.7824309973825379,8.67050380847654,8.983476207429554,193,93,-100,physically_promoted
77,1,O=C(Nc1cc(F)ccc1Cl)c1ccc(-c2cncnc2)cc1,7.558400000000007,0.7844706749215086,1.880617395351457,327.746,4.188400000000002,0.0,8.762573597925616,-10.2484,-7.8998,2.3486,-0.482,xtb_success,0.41530576579338085,0.8633333333333334,0.5497140360553665,8.762573597925616,8.982459212347763,25,94,69,neutral
59,6,COCc1ccc(Cc2ccc(-c3ccccn3)cc2OC)cc1,7.567200000000009,0.6704121399149667,1.8952791776163915,319.4040000000001,4.494400000000003,0.0,8.712807111519362,-10.0211,-7.0914,2.9297,-0.352,xtb_success,0.5852198085278688,0.8799999999999999,0.6736538659695082,8.712807111519362,8.982268657907166,73,95,22,neutral
43,22,COCCc1cc(Cc2ccc(Cc3cc(OC)ccn3)cc2)ccn1,7.594300000000007,0.6200479362860805,2.257952363957587,348.446,3.8557000000000032,0.0,8.678528731747289,-9.955,-6.6126,3.3424,-0.346,xtb_success,0.7093155982275743,0.8649999999999999,0.7560209187593019,8.678528731747289,8.98093709925101,163,96,-67,physically_promoted
27,5,C#COc1ccc(-c2ccc(CCC)cc2)c([C@@H]2CCS(=O)(=O)C2)c1,7.614100000000011,0.7567738959828381,3.1164968856442137,354.47100000000006,4.177700000000002,0.0,8.680837259427008,-10.2551,-6.5324,3.7227,-0.643,xtb_success,0.8155138193118447,0.595,0.7493596735182912,8.680837259427008,8.980581128834325,160,97,-63,physically_promoted
27,15,CCCc1cc(-c2ccc(-c3cc(CC(N)=O)ccn3)cc2)ccn1,7.598500000000005,0.7469085672888974,2.187630082330488,331.419,3.7909000000000015,0.0,8.753191275411405,-9.93,-7.3682,2.5618,-0.529,xtb_success,0.4756360086421916,0.785,0.5684452060495341,8.753191275411405,8.980569357831218,31,98,67,neutral
68,3,COc1ccc(Cc2cc(C(CC(N)=O)CC(N)=O)ccn2)cc1F,7.5652000000000035,0.7580817839668424,2.504778995373968,345.374,1.6545,0.0,8.693762992446029,-10.0466,-6.7651,3.2815,-0.534,xtb_success,0.6913180533837774,0.7766666666666666,0.7169226373686441,8.693762992446029,8.980532047393487,130,99,-31,physically_promoted
31,3,Cc1ccc(-c2nc(C[C@H](O)CC(=O)OC(C)C)cs2)cc1,7.579200000000011,0.8294574648690655,2.707847865684931,319.426,3.363620000000002,0.0,8.723078052837092,-10.3879,-7.6124,2.7755,-0.488,xtb_success,0.538725005981551,0.8533333333333334,0.6331075041870857,8.723078052837092,8.976321054511926,54,100,46,neutral
52,15,NC(=O)CCc1ccc(CCc2nc(CCC(N)=O)cs2)cc1,7.529600000000004,0.7321240008514395,2.24218640019277,331.441,1.7640999999999991,0.0,8.671443360406446,-10.4007,-6.9115,3.4892,-0.534,xtb_success,0.7517777228812393,0.7766666666666666,0.7592444060168675,8.671443360406446,8.975141122813193,190,101,-89,physically_promoted
42,9,COCc1ccc(Cc2cc(Cc3ccc(OC)cc3)ccn2)cc1,7.546000000000005,0.6413053438422793,1.9536984437635765,333.431,4.418200000000003,0.0,8.671282827544786,-9.9649,-6.6276,3.3373,-0.351,xtb_success,0.7078157839891334,0.8775,0.7587210487923933,8.671282827544786,8.974771247061744,191,102,-89,physically_promoted
14,6,COCCc1ccc(C(=O)N2CCC(CCN(C)CCOC)CC2)cc1,7.602400000000005,0.6417600007839686,2.170535518569689,362.5140000000002,2.6960000000000006,0.0,8.70622644853502,-9.5076,-6.4082,3.0994,-0.551,xtb_success,0.6366501145732585,0.7483333333333333,0.6701550802012809,8.70622644853502,8.974288480615533,93,103,10,neutral
14,1,COCCN(C)C(=O)Nc1cc(C(=O)c2cc(Cl)ccc2C)ccc1F,7.5902000000000065,0.7687599797051226,2.137123964003207,378.8310000000001,4.128620000000003,0.0,8.760867593452247,-10.4481,-8.0281,2.4199,-0.553,xtb_success,0.43512823368719816,0.745,0.5280897635810387,8.760867593452247,8.972103498884662,26,104,78,neutral
96,40,C[C@](O)(Cc1ccc(-c2ccc(CC(N)=O)cc2)cc1)C(=O)[O-],7.604900000000003,0.8066277929372067,2.8387944922448405,312.345,0.4248000000000002,0.0,8.712683051649641,-9.7717,-6.8251,2.9466,-0.533,xtb_success,0.5903401132723295,0.7783333333333333,0.6467380792906305,8.712683051649641,8.971378283365894,74,105,31,neutral
13,14,NC(=O)Cc1ccc(CCc2ccc(-c3cc(CC(N)=O)ccn3)cc2)cc1,7.605100000000004,0.6346720120854259,2.119851006201124,373.456,2.5894000000000004,0.0,8.710450905422604,-10.0207,-7.0465,2.9742,-0.535,xtb_success,0.5987068468027825,0.775,0.6515947927619476,8.710450905422604,8.971088822527383,83,106,23,neutral
7,12,NC(=O)Cc1ccnc(-c2ccc(C(F)F)c(CC(F)(F)F)c2)c1,7.586100000000007,0.8386049860295285,2.693961088013687,344.283,3.818800000000002,0.0,8.736006384213404,-10.1549,-7.5233,2.6316,-0.527,xtb_success,0.49600720805195053,0.7883333333333333,0.5837050456363653,8.736006384213404,8.96948840246795,41,107,66,neutral
2,0,CCCC(=O)N1CCN(C(=O)c2ccc(Nc3nc4c(c(=O)[nH]3)CCC4)cc2)CC1,7.562600000000006,0.7879599535470686,2.4647742116290665,409.4900000000003,2.0867,0.0,8.710102555610632,-10.1516,-7.1268,3.0248,-0.563,xtb_success,0.6140512532317319,0.7283333333333335,0.6483358772622124,8.710102555610632,8.969436906515517,85,108,23,neutral
81,2,O=C(NCc1ccccc1)[C@H]1CCCN(C2CCCCC2)C1,7.5239000000000065,0.9246298413050994,2.2804756588753463,300.4460000000001,3.347500000000002,0.0,8.684546408137535,-9.4002,-6.1564,3.2438,-0.529,xtb_success,0.6800902255373903,0.785,0.7115631578761732,8.684546408137535,8.969171671288004,155,109,-46,physically_promoted
42,10,COCc1ccc(Cc2ccc(Cc3cc(CCCC(N)=O)ccn3)cc2)cc1,7.612400000000004,0.565527794995562,2.179343492949796,388.511,4.217600000000003,0.0,8.677229548202806,-9.9709,-6.6163,3.3547,-0.539,xtb_success,0.712926812394137,0.7683333333333333,0.7295487686758959,8.677229548202806,8.969049055673164,170,110,-60,physically_promoted
36,3,O=C(c1ccc(CCC2(O)CCCCC2)o1)N1CCn2cnnc2C1,7.518700000000003,0.9185982659992904,2.8768860096223747,344.415,2.1549000000000005,0.0,8.690310532037412,-10.3896,-7.2368,3.1528,-0.534,xtb_success,0.6527778021303039,0.7766666666666666,0.6899444614912127,8.690310532037412,8.966288316633896,136,111,-25,neutral
0,2,Cc1ccccc1-c1cnc(C(=O)NC[C@H]2CCCCO2)cn1,7.58620000000001,0.9427513635677176,2.6074878496337206,311.385,2.7509200000000007,0.0,8.782092875642965,-10.032,-8.069,1.963,-0.523,xtb_success,0.3157131834078801,0.795,0.45949922838551605,8.782092875642965,8.965892566997171,18,112,94,physically_filtered
65,10,COCc1cc(Cc2ccc(-c3ccccn3)c(OC)c2)ccn1,7.570400000000009,0.6909946888057834,2.1733870897043026,320.39200000000005,3.889400000000003,0.0,8.69855863543247,-10.0637,-7.1395,2.9242,-0.346,xtb_success,0.5835540475890658,0.8649999999999999,0.667987833312346,8.69855863543247,8.965753768757407,113,113,0,neutral
7,13,NC(=O)Cc1ccnc(-c2ccc(CC(N)=O)cc2C(F)F)c1,7.528200000000002,0.8480016276579213,2.534379333413396,319.3109999999999,1.7417999999999996,0.0,8.698667940794682,-10.2943,-7.2806,3.0137,-0.526,xtb_success,0.6106853296373215,0.79,0.664479730746125,8.698667940794682,8.964459833093132,112,114,2,neutral
55,9,COCc1cc(Cc2ccc(Cc3ccccn3)c(OC)c2)ccn1,7.572200000000005,0.6588733890081826,2.271737010676116,334.41900000000004,3.813200000000002,0.0,8.674462993436485,-9.965,-6.7774,3.1876,-0.345,xtb_success,0.6632526967562965,0.8624999999999999,0.7230268877294075,8.674462993436485,8.963673748528247,179,115,-64,physically_promoted
2,8,COc1cc(Cc2ccc(-c3cc(CCC(N)=O)ccn3)cc2)ccn1,7.5704000000000065,0.711971789212923,2.2140633356175066,347.41799999999995,3.1609000000000007,0.0,8.704979561044716,-9.9373,-7.0057,2.9316,-0.527,xtb_success,0.5857953280225761,0.7883333333333333,0.6465567296158032,8.704979561044716,8.963602252891038,95,116,21,neutral
81,46,NC(=O)Cc1cc(Cc2ccccn2)ccc1Cc1ccccn1,7.546800000000006,0.7597360671922387,2.2913484083856237,317.392,2.686000000000001,0.0,8.696173784790819,-9.9942,-6.9142,3.08,-0.546,xtb_success,0.6307788205474282,0.7566666666666666,0.6685451743831996,8.696173784790819,8.963591854544099,122,117,-5,neutral
50,24,COc1ccc(Cc2ccc(Cc3nc(OC)cs3)cc2)cc1,7.569900000000007,0.6753284574488733,2.11004493944915,325.433,4.341900000000003,0.0,8.696559734779528,-10.1427,-7.1012,3.0414,-0.31,xtb_success,0.6190840419478707,0.7749999999999999,0.6658588293635094,8.696559734779528,8.962903266524933,120,118,-2,neutral
68,5,CN1CC[C@@H](OCCc2ccnc(Cc3ccc(C(C)(C)C)cc3)c2)C1=O,7.579100000000004,0.7816889323857749,2.9964498829598085,366.5050000000001,3.759700000000003,0.0,8.670299477896911,-9.9636,-6.6017,3.362,-0.539,xtb_success,0.7150659519875491,0.7683333333333333,0.7310461663912844,8.670299477896911,8.962717944453425,194,119,-75,physically_promoted
77,13,C#CCc1ccc(-c2ccnc(CC(N)=O)c2CC(N)=O)cc1,7.585200000000007,0.778073679625732,2.732456840281525,307.35299999999995,0.9798999999999998,0.0,8.66950807982612,-10.1582,-6.8177,3.3405,-0.534,xtb_success,0.7087570114788428,0.7766666666666666,0.72912990803519,8.66950807982612,8.961160043040195,196,120,-76,physically_promoted
78,32,COc1ccnc(Cc2ccnc(Cc3ccnc(OC)c3)c2)c1,7.567300000000006,0.6981761328818961,2.4089991776163906,321.38000000000005,3.070400000000001,0.0,8.675488148679314,-10.1334,-6.8394,3.2941,-0.3,xtb_success,0.6950567019192059,0.7499999999999999,0.7115396913434441,8.675488148679314,8.960104025216692,176,121,-55,physically_promoted
7,11,NC(=O)Cc1cc(CC(F)F)ccc1-c1cc(C(F)F)ccn1,7.565800000000008,0.8258621879401952,2.7603353773694383,326.293,3.521600000000002,0.0,8.702697556233161,-10.5358,-7.5839,2.9519,-0.543,xtb_success,0.5919463925933974,0.7616666666666666,0.6428624748153782,8.702697556233161,8.959842546159313,103,122,19,neutral
77,6,CCCc1ccc([C@@H]2CCS(=O)(=O)C2)cc1-c1ccncc1,7.562200000000007,0.8657692043680533,2.8611824720621595,315.438,3.603200000000003,0.0,8.70481263682827,-10.0747,-6.9117,3.163,-0.645,xtb_success,0.655851344310884,0.5916666666666667,0.6365959410176187,8.70481263682827,8.959451013235318,96,123,27,neutral
34,0,CO[C@H](C)CNC(=O)c1ccc(-c2cc(S(C)(=O)=O)[nH]n2)cc1,7.5751000000000035,0.8258282669622403,2.9754802065305537,337.40100000000007,1.2448999999999997,0.0,8.69046611282807,-10.6973,-7.3737,3.3236,-0.641,xtb_success,0.7037798956029677,0.5983333333333334,0.6721459269220774,8.69046611282807,8.9593244835969,135,124,-11,neutral
57,24,NC(=O)Cc1csc(CCc2ccc(Cc3ccccn3)cc2)n1,7.560600000000004,0.7205171206567192,2.2332004962977106,337.448,2.9419000000000013,0.0,8.697538510698593,-10.0231,-7.0436,2.9795,-0.537,xtb_success,0.6003139376116434,0.7716666666666666,0.6517197563281504,8.697538510698593,8.958226413229852,116,125,9,neutral
27,2,COc1ccc(CCCNC(=O)c2c[nH]c3cccc(F)c23)cc1,7.537200000000007,0.6790463004680503,2.0103759478027268,326.37100000000004,3.678200000000002,0.0,8.67568555545376,-10.1369,-6.8872,3.2498,-0.557,xtb_success,0.6818810805756919,0.7383333333333333,0.6988167564029842,8.67568555545376,8.955212258014955,174,126,-48,neutral
50,8,COCc1ccc(Cc2cc(OC)cc(-c3cc(OC)ccn3)c2)cc1,7.567300000000008,0.6294797055892906,2.070105797155969,349.43,4.503000000000004,0.0030000000000036,8.672029273079053,-10.1086,-7.0202,3.0884,-0.351,xtb_success,0.6333216690213669,0.8775,0.7065751683149568,8.672029273079053,8.954659340405035,189,127,-62,physically_promoted
34,7,CCN(CCS(C)(=O)=O)Cc1ccc(-c2nccn2C)cc1,7.552000000000005,0.7820569284295423,2.3232986409194183,321.446,1.9536,0.0,8.710698600122834,-9.5903,-6.5374,3.0529,-0.652,xtb_success,0.6225696301412853,0.58,0.6097987410988996,8.710698600122834,8.954618096562394,81,128,47,neutral
13,17,NC(=O)CCCc1ccnc(CCc2ccnc(CC(N)=O)c2)c1,7.557100000000004,0.7181441659429577,2.449821944261512,326.40000000000003,1.0975999999999997,0.0,8.671189888545332,-10.03,-6.8123,3.2177,-0.54,xtb_success,0.672284166349735,0.7666666666666666,0.7005989164448144,8.671189888545332,8.951429455123257,192,129,-63,physically_promoted
33,13,CCCN(CCC)c1nc(OC)c(-c2cc(OC)cc(OC)c2O)s1,7.62010000000001,0.7185756270830155,2.751469296377312,366.48300000000006,4.167900000000004,0.0,8.704240883903786,-9.2603,-6.6947,2.5656,-0.432,xtb_success,0.47673813598626347,0.9466666666666668,0.6177166951903844,8.704240883903786,8.951327561979939,99,130,31,neutral
40,3,CCn1c(C)cc(Cc2cc(Cl)c(OC)c([C@@H](C)O)c2)c1C,7.550600000000005,0.8835816561233952,3.013384967871435,321.84800000000007,4.430940000000003,0.0,8.691052331274559,-9.2884,-6.4444,2.844,-0.505,xtb_success,0.5593152563206384,0.8250000000000001,0.6390206794244468,8.691052331274559,8.946660603044338,134,131,-3,neutral
96,2,COCc1ccc(C(=O)c2ccc(N3CCCCC3)nc2)cc1,7.542900000000011,0.7933654248920186,1.928482597313673,310.39699999999993,3.4493000000000027,0.0,8.72845997183094,-9.9685,-7.7484,2.2201,-0.488,xtb_success,0.3806098283112525,0.8533333333333334,0.5224268798178767,8.72845997183094,8.93743072375809,50,132,82,neutral
52,1,O=C(NCc1ccccc1)[C@H]1CCCN(C(=O)C(=O)N2CCN(C3CCCCC3)CC2)C1,7.597600000000008,0.7273904580182221,2.727066798426957,440.5880000000004,2.0183,0.0,8.688588549166424,-9.5589,-6.7534,2.8055,-0.526,xtb_success,0.5477267316670129,0.79,0.6204087121669091,8.688588549166424,8.936752034033187,143,133,-10,neutral
33,16,CCCc1cc(CCC)c(O)c(-c2nc(OC)c(OC)s2)c1,7.584400000000009,0.8189624762607222,2.8882693849295062,321.442,4.437900000000004,0.0,8.705054299637421,-9.8648,-7.582,2.2829,-0.41,xtb_success,0.3973932035700885,0.9833333333333335,0.5731752424990619,8.705054299637421,8.934324396637045,94,134,40,neutral
50,39,COc1ccc(Cc2nc(-c3ccc(OC)cc3)cs2)cc1,7.518700000000007,0.6988112813275589,1.7696122994944474,311.406,4.418100000000004,0.0,8.676481604967789,-10.0342,-7.1061,2.9281,-0.304,xtb_success,0.5847351897961797,0.7599999999999999,0.6373146328573257,8.676481604967789,8.93140745811072,171,135,-36,neutral
19,5,COc1cc(CC(N)=O)cc(Cc2scc(C=O)c2C(C)(C)C)c1,7.593200000000007,0.814929409157827,2.8497771826882428,345.46400000000017,3.4853000000000023,0.0,8.715686986310097,-10.354,-7.9323,2.4217,-0.532,xtb_success,0.43563355411116744,0.78,0.5389434878778172,8.715686986310097,8.931264381461224,68,136,68,neutral
34,4,CCN(Cc1ccc(-c2nccn2C)cc1)C1CCS(=O)(=O)CC1,7.518400000000005,0.8337643158639129,2.4565699080624164,347.4840000000001,2.4862,0.0,8.689625167125719,-9.4579,-6.437,3.0209,-0.65,xtb_success,0.6128686737902638,0.5833333333333334,0.6040080716531846,8.689625167125719,8.931228395786993,139,137,-2,neutral
27,14,CCCc1ccc(-c2cc(-c3cc(CC(N)=O)ccn3)ccn2)cc1,7.547200000000003,0.7469085672888974,2.1428050823304883,331.419,3.7909000000000015,0.0,8.706373775411404,-9.9722,-7.4464,2.5258,-0.529,xtb_success,0.4652370562084701,0.785,0.5611659393459291,8.706373775411404,8.930840151149775,92,138,46,neutral
37,1,COCCN(C)Cc1cccc(-c2nc3c(s2)CCCC3)c1OC,7.579600000000007,0.7641590979418834,2.4646120682040653,346.4960000000002,3.775700000000003,0.0,8.715218342150543,-9.6581,-7.4063,2.2517,-0.352,xtb_success,0.38901237977721237,0.8799999999999999,0.5363086658440486,8.715218342150543,8.929741808488162,70,139,69,neutral
7,3,O=C(c1cccc(Cc2cncnc2)c1)c1ccc2c(c1)CCCC2,7.594000000000007,0.6749121582322387,2.2092938557192614,328.4150000000002,4.177200000000004,0.0,8.7105266935442,-10.194,-7.9175,2.2765,-0.46,xtb_success,0.39566731626900553,0.9000000000000001,0.5469671213883038,8.7105266935442,8.929313542099521,82,140,58,neutral
27,16,NC(=O)Cc1ccnc(-c2ccc(-c3cc(CC(N)=O)ccn3)cc2)c1,7.567200000000001,0.70920467722739,2.258050695284867,346.39,1.8662,0.0,8.69599726908521,-10.0407,-7.4065,2.6342,-0.529,xtb_success,0.49677095959148343,0.785,0.5832396717140383,8.69599726908521,8.929293137770825,123,141,18,neutral
96,34,Cc1ccc(-c2ccc(-c3cc(CC[C@](C)(O)C(=O)[O-])ccn3)cc2)cc1,7.595800000000004,0.7327788196647055,2.880450085388958,360.433,3.1575200000000017,0.0,8.67414440129346,-9.7562,-7.139,2.6172,-0.416,xtb_success,0.4917833622940171,0.9733333333333335,0.636248353605812,8.67414440129346,8.928643742735785,181,142,-39,neutral
55,6,COCc1ccc(Cc2nc(-c3ccccn3)cs2)c(OC)c1,7.551800000000007,0.6878077713290938,2.233385237956613,326.42100000000005,3.9509000000000025,0.0,8.672365361868893,-10.1013,-7.327,2.7744,-0.349,xtb_success,0.5383954670419139,0.8724999999999999,0.6386268269293397,8.672365361868893,8.92781609264063,187,143,-44,neutral
36,33,COCCc1ccc(-c2ccc(-c3c(OC)cccc3OC)o2)o1,7.601800000000006,0.642716850056219,2.427707051481656,328.3640000000001,4.412700000000004,0.0,8.680387719879949,-9.5683,-6.907,2.6613,-0.347,xtb_success,0.5047511662460036,0.8674999999999999,0.6135758163722025,8.680387719879949,8.92581804642883,161,144,-17,neutral
98,4,COc1ccc(C(=O)c2ccc(F)c(F)c2)cc1-c1ccccn1,7.585200000000009,0.672669001415264,1.94422352797192,325.314,4.266400000000003,0.0,8.72711214791045,-10.0573,-8.1463,1.911,-0.434,xtb_success,0.30338880082304026,0.9433333333333335,0.4953721605761282,8.72711214791045,8.9252610121409,52,145,93,physically_filtered
7,7,NC(=O)CCc1ccc(-c2cc(C(F)F)ccn2)cc1C(F)F,7.538500000000004,0.8145476631858902,2.685161750995812,326.293,4.041700000000001,0.0,8.677257656493367,-10.4183,-7.5892,2.8291,-0.539,xtb_success,0.5548259315649091,0.7683333333333333,0.6188781520954363,8.677257656493367,8.924808917331541,169,146,-23,neutral
23,21,CCCc1cc(-c2cc(-c3cc(CC(N)=O)ccn3)ccn2)ccn1,7.581000000000005,0.751378279792431,2.397266620792026,332.407,3.185900000000001,0.0,8.716962477817018,-9.937,-7.6251,2.3119,-0.529,xtb_success,0.4052564504627377,0.785,0.5191795153239164,8.716962477817018,8.924634283946585,66,147,81,neutral
57,30,NC(=O)Cc1ccc(-c2cc(-c3cc(CC(N)=O)ccn3)ccn2)cc1,7.569400000000001,0.70920467722739,2.246418054952226,346.39,1.8662,0.0,8.699360533118472,-10.0337,-7.519,2.5147,-0.533,xtb_success,0.46204660736324177,0.7783333333333333,0.5569326251542692,8.699360533118472,8.92213358318018,109,148,39,neutral
98,8,CO[C@@H](Cc1cccc(C)c1)c1cc2cc(C)c(C)cc2[nH]c1=O,7.570100000000012,0.7744362854251607,2.829265840466208,321.42,4.383560000000004,0.0,8.67439155866597,-10.3163,-7.4432,2.8731,-0.563,xtb_success,0.5680970846143213,0.7283333333333335,0.616167959230025,8.67439155866597,8.92085874235798,180,149,-31,neutral
57,31,NC(=O)Cc1ccnc(-c2ccc(-c3ccnc(CC(N)=O)c3)cc2)c1,7.564000000000001,0.70920467722739,2.289681672415844,346.39000000000004,1.8662,0.0,8.689634171372113,-10.0851,-7.4661,2.619,-0.539,xtb_success,0.4923107653491164,0.7683333333333333,0.5751175357443814,8.689634171372113,8.919681185669866,138,150,12,neutral
35,10,COCc1ccc(C(=O)N2CCN(C(=O)c3nc(C(=O)OC)cs3)CC2)cc1,7.576400000000006,0.7059343568385087,2.2470102710502005,403.46000000000015,1.6743,0.0,8.704666151314239,-10.6963,-8.3038,2.3925,-0.533,xtb_success,0.42746535652818385,0.7783333333333333,0.5327257495697286,8.704666151314239,8.91775645114213,97,151,54,neutral
70,5,COc1ccc(-c2ccc(F)c(F)c2)cc1C(=O)c1cncnc1,7.576400000000011,0.6866749382174584,2.156930994035269,326.302,3.661400000000003,0.0,8.704044369705214,-10.4639,-8.344,2.1199,-0.43,xtb_success,0.3545620187332689,0.9500000000000002,0.5331934131132883,8.704044369705214,8.917321734950528,101,152,51,neutral
53,2,CCN(Cc1ccc(F)cc1)C(=O)N[C@H]1CCCN(CCc2cccc(F)c2F)C1,7.608800000000006,0.7246817775796613,2.7385139362367354,419.49100000000016,4.342500000000004,0.0,8.697289495166164,-9.3543,-6.7325,2.6218,-0.591,xtb_success,0.49313150060496963,0.6816666666666668,0.5496920504234788,8.697289495166164,8.917166315335555,118,153,35,neutral
52,2,O=C(OCN1CCN(C2CCCCC2)CC1)c1cccc(Cc2ccccc2)c1,7.609500000000009,0.6847859755781236,2.160007676440726,392.543,4.342000000000004,0.0,8.735892220144997,-9.405,-7.5975,1.8075,-0.488,xtb_success,0.2797085722438836,0.8533333333333334,0.45179600057071856,8.735892220144997,8.916610620373284,42,154,112,physically_filtered
51,8,COCc1ccc(Cc2ccc(C(=O)c3ccccn3)cc2)cc1,7.576800000000008,0.6438818159891249,1.86089126552848,317.38800000000003,4.049800000000003,0.0,8.711288203160574,-10.246,-8.2045,2.0415,-0.449,xtb_success,0.3348440823741698,0.9183333333333332,0.5098908576619188,8.711288203160574,8.915244546225342,80,155,75,neutral
50,28,COc1ccc(Cc2ccc(-c3nc(OC)cs3)cc2)cc1,7.559200000000008,0.6988112813275589,2.010719270648295,311.406,4.418100000000004,0.0,8.692870907852406,-10.1157,-7.6227,2.493,-0.309,xtb_success,0.45583192406026046,0.7725,0.5508323468421823,8.692870907852406,8.913203846589278,131,156,25,neutral
49,5,O=C(c1ccc(F)cc1)c1ccc([C@@H]2CCS(=O)(=O)C2)cc1,7.527100000000008,0.8176555826667907,2.4770271725229893,318.3690000000001,2.958800000000002,0.0,8.68769318338514,-10.9354,-8.1192,2.8162,-0.647,xtb_success,0.5509436162059733,0.5883333333333334,0.5621605313441813,8.68769318338514,8.912557395922812,146,157,11,neutral
87,1,Cc1cccc(Cc2ccc(C(=O)N3CCN([N-]C(=O)C(C)C)CC3)o2)c1,7.627800000000007,0.8110319312183589,3.1076111845100858,368.45700000000016,3.4079200000000025,0.0,8.722554847158177,-9.1929,-7.1042,2.0887,-0.544,xtb_success,0.3466434803872314,0.76,0.47065043627106196,8.722554847158177,8.910815021666602,56,158,102,neutral
25,3,COc1ccc(Cn2cc(CNC(=O)C3=C(C)N=N[C@@H]3C)ccc2=O)cc1,7.613300000000005,0.8527819493781537,3.078752514538757,366.4210000000001,2.649700000000001,0.0,8.731815723235206,-10.33,-8.3635,1.9665,-0.562,xtb_success,0.31655278272161164,0.73,0.4405869479051281,8.731815723235206,8.908050502397257,44,159,115,physically_filtered
82,0,O=C(c1ccc(N2CCN(C(=O)NCc3ccccc3)CC2)nc1)c1ccccc1F,7.614100000000007,0.644582062839884,2.0749406266793216,418.47200000000015,3.483500000000003,0.0,8.728896968752018,-9.9682,-7.9294,2.0389,-0.578,xtb_success,0.3342005051673577,0.7033333333333335,0.44494035361715045,8.728896968752018,8.906873110198879,49,160,111,neutral
77,24,C#CCc1ccnc(-c2cc(-c3cc(CC(N)=O)ccn3)ccn2)c1,7.599700000000002,0.7292612154539522,2.6951454669458723,328.37499999999994,2.4091,0.0,8.694816061032391,-9.9783,-7.6234,2.3548,-0.527,xtb_success,0.41701404362192446,0.7883333333333333,0.5284098305353471,8.694816061032391,8.90617999324653,125,161,36,neutral
50,42,COCc1ccc(-c2nc(-c3nc(OC)cs3)cs2)cc1,7.572800000000008,0.7105603129366123,2.4137399634334304,318.423,4.088600000000003,0.0,8.686208898000782,-10.2639,-7.9262,2.3377,-0.346,xtb_success,0.4123098450248896,0.8649999999999999,0.5481168915174226,8.686208898000782,8.905455654607751,151,162,11,neutral
30,1,CC[C@@H](NC(=O)c1cc(=O)c2ccccc2o1)c1ccc(C)cc1,7.53750000000001,0.7903916969686677,2.4272657391627703,321.37600000000003,3.9825200000000023,0.0,8.689969274568067,-10.6364,-8.3047,2.3317,-0.505,xtb_success,0.4106647415918305,0.8250000000000001,0.5349653191142814,8.689969274568067,8.90395540221378,137,163,26,neutral
24,0,Cc1ccc(N2CCC(C(=O)Nc3cscn3)CC2)cc1Br,7.496,0.8733217606197476,2.4390596209230218,380.31100000000015,4.0691200000000025,0.0,8.688754918217573,-9.5895,-7.3011,2.2883,-0.488,xtb_success,0.39885209850493863,0.8533333333333334,0.535196468953457,8.688754918217573,8.902833505798956,142,164,22,neutral
17,1,Cc1sc(NC(=O)Cc2ccc(C(=O)OC(C)C)cc2)c(CC(N)=O)c1C,7.561900000000006,0.7119872625273136,2.3696728533027205,388.4890000000002,3.1391400000000003,0.0,8.68092634593339,-10.1905,-7.6679,2.5227,-0.543,xtb_success,0.4643452587832292,0.7616666666666666,0.5535416811482604,8.68092634593339,8.902343018392694,159,165,6,neutral
67,46,COCCc1cc(-c2cc(-c3cc(OC)ccn3)ccn2)ccn1,7.559300000000003,0.696227651496197,2.3107112655284805,321.38,3.403100000000002,0.0,8.676342699195253,-10.0073,-7.601,2.4063,-0.349,xtb_success,0.4313178622618598,0.8724999999999999,0.5636725035833019,8.676342699195253,8.901811700628574,172,166,-6,neutral
14,3,COCCN(C)C(=O)c1cc(C(=O)OCCc2cc(C)ccc2C)ccc1F,7.584800000000007,0.6501643638476613,2.234654098109216,387.4510000000001,3.5604400000000025,0.0,8.686416772112917,-10.3322,-7.9242,2.408,-0.529,xtb_success,0.43179341980737573,0.785,0.5377553938651629,8.686416772112917,8.901518929658982,150,167,17,neutral
19,4,COc1cc(Cc2scc(C=O)c2C(C)(C)C)cc(OC)c1,7.56640000000001,0.7632507902014731,2.7002495110329114,318.43800000000005,4.466100000000004,0.0,8.677512594234868,-10.2149,-7.9164,2.2985,-0.443,xtb_success,0.40161442948803405,0.9283333333333332,0.5596301006416238,8.677512594234868,8.901364634491518,168,168,0,neutral
16,0,COc1ccccc1NC(=O)c1ccc2c(=O)n(OCC(F)(F)F)c(=O)[nH]c2c1,7.622800000000007,0.6706965462390979,2.493634536905841,409.3200000000001,1.9416,0.0,8.70878481942897,-10.2774,-8.2905,1.9869,-0.493,xtb_success,0.3214714790886584,0.8450000000000001,0.47853003536206085,8.70878481942897,8.900196833573794,88,169,81,physically_filtered
91,15,C#CCc1ccc(-c2ccc(-c3nc(CC(N)=O)cs3)cc2)cc1CC(N)=O,7.631500000000006,0.6078279309541988,2.631565285655848,389.4800000000001,2.7084,0.0,8.672257436911522,-10.2863,-7.7158,2.5706,-0.537,xtb_success,0.4781895652915224,0.7716666666666666,0.5662326957040656,8.672257436911522,8.898750515193148,188,170,-18,neutral
70,4,COc1ccc(-c2cncnc2)cc1C(=O)c1ccc(F)c(F)c1,7.563400000000007,0.6866749382174584,2.1230180981076643,326.302,3.661400000000002,0.0,8.69443565929797,-10.2012,-8.2963,1.9049,-0.415,xtb_success,0.30196157607247004,0.975,0.503873103250729,8.69443565929797,8.895984900598261,128,171,43,physically_filtered
80,11,CCCc1cc(-c2cc(-c3cc(CC(=O)[O-])ccn3)ccn2)ccn1,7.594700000000002,0.6926107512383798,2.723737774638181,332.383,2.4505,0.0,8.668631598155375,-10.5975,-8.0502,2.5473,-0.526,xtb_success,0.4714382449276036,0.79,0.5670067714493225,8.668631598155375,8.895434306735105,199,172,-27,neutral
50,41,COCc1nc(-c2ccc(-c3nc(OC)cs3)cc2)cs1,7.564600000000004,0.7105603129366123,2.413036306434691,318.423,4.088600000000002,0.0,8.678079263700653,-10.1655,-7.8643,2.3012,-0.339,xtb_success,0.40234707991121105,0.8475,0.5358929559378477,8.678079263700653,8.892436446075791,165,173,8,neutral
57,29,NC(=O)Cc1ccc(-c2cc(-c3nc(CC(N)=O)cs3)ccn2)cc1,7.571900000000004,0.7055774884975202,2.291099773554757,352.419,1.9277,0.0,8.695578766893288,-10.2012,-8.0451,2.1561,-0.532,xtb_success,0.363865530518812,0.78,0.48870587136316834,8.695578766893288,8.891061115438555,124,174,50,neutral
91,14,NC(=O)Cc1ccc(-c2nc(-c3nc(CC(N)=O)cs3)cs2)cc1,7.556400000000002,0.7014326075986194,2.388947736116716,358.448,1.9892,0.0,8.66822153018764,-10.393,-7.9162,2.4768,-0.53,xtb_success,0.4512123173859116,0.7833333333333333,0.5508486221701381,8.66822153018764,8.888560979055695,200,175,-25,neutral
50,10,COCc1ccc(Cc2ccc(C(=O)C3CC[NH+](C)CC3)cc2)cc1,7.580200000000007,0.8207548091462152,2.960157005407412,338.47100000000006,2.5312,0.0,8.694561704032374,-7.7497,-5.9477,1.802,-0.428,xtb_success,0.2784823769703233,0.9533333333333335,0.4809376638792263,8.694561704032374,8.886936769584064,127,176,49,physically_filtered
34,2,Cc1cc(N(Cc2ccc(NC(=O)c3ccoc3)cc2)C(C)C)nn1C,7.603500000000008,0.7285097215043642,2.5964762755542825,352.4380000000001,3.988820000000003,0.0,8.708107233196763,-8.9723,-7.1222,1.8502,-0.52,xtb_success,0.2893393654146216,0.8,0.44253755579023507,8.708107233196763,8.885122255512858,90,177,87,physically_filtered
73,21,CC(C)S(=O)(=O)Cc1ccc(-c2ccc(-c3ccccn3)nc2)cc1,7.567800000000005,0.6924685754789204,2.171168679296903,352.45900000000006,4.133800000000003,0.0,8.696917419809775,-9.9531,-7.594,2.3591,-0.645,xtb_success,0.4182005816068704,0.5916666666666667,0.47024040712480925,8.696917419809775,8.885013582659699,119,178,59,neutral
41,5,CCc1ccc(Cc2cc(CC(N)=S)ccn2)cc1-c1ccccn1,7.575100000000003,0.6814342757791052,2.467853159253565,347.487,4.125400000000003,0.0,8.6690318219642,-9.5041,-7.1261,2.3781,-0.526,xtb_success,0.4234605374152676,0.79,0.5334223761906873,8.6690318219642,8.882400772440475,197,179,-18,neutral
35,9,COCC(=O)C1CCN(C(=O)N2CCN(C3CCN(C(=O)OC)CC3)CC2)CC1,7.6033000000000035,0.6844133629778668,2.5383095744292934,410.5150000000002,0.8823000000000016,0.0,8.691675724046007,-9.5196,-7.3363,2.1833,-0.577,xtb_success,0.3709363252161459,0.7050000000000001,0.47115542765130214,8.691675724046007,8.880137895106529,133,180,47,neutral
98,3,COc1ccc(C(=O)c2cncnc2)cc1-c1ccc(C)cc1,7.5789000000000115,0.6897676018069856,2.004525786959848,304.34900000000005,3.691620000000002,0.0,8.675521149909873,-10.3688,-8.3215,2.0473,-0.45,xtb_success,0.33628217623130563,0.9166666666666667,0.5103975233619139,8.675521149909873,8.879680159254638,175,181,6,neutral
2,7,COc1cc(Cc2ccc(-c3cc(C(=O)CCC(N)=O)ccn3)cc2)ccn1,7.608300000000003,0.6101888092221319,2.300100236970355,375.428,3.1912000000000003,0.0,8.683384380914035,-10.2207,-8.1485,2.0722,-0.54,xtb_success,0.3424938406312354,0.7666666666666666,0.4697456884418647,8.683384380914035,8.87128265629078,156,182,26,neutral
34,12,CCCN(CCc1cc(CC(F)(F)F)ccn1)CC(C)(C)C,7.57370000000001,0.7367489593562293,2.667198976482714,316.41100000000006,4.4870000000000045,0.0,8.672781713344634,-9.3007,-6.9567,2.344,-0.253,xtb_success,0.41404028629492484,0.6325,0.47957820040644733,8.672781713344634,8.864612993507212,184,183,-1,neutral
34,5,CCN(Cc1ccc(-c2nccn2C)cc1)c1ccc2c(c1)C(=O)NC2=O,7.575600000000006,0.7105013635442354,2.455626061738121,360.41700000000014,2.997200000000001,0.0,8.685288075598312,-9.9298,-8.3177,1.6121,-0.472,xtb_success,0.2381788775537398,0.8800000000000001,0.43072521428761784,8.685288075598312,8.85757816131336,152,184,32,physically_filtered
50,11,COCc1ccc(Cc2ccc(CCC3CC[NH+](C)CC3)cc2)cc1,7.608000000000008,0.8178634787575837,2.947747969580224,338.51500000000004,3.281100000000002,0.0,8.722156942420778,-5.3727,-4.9845,0.3882,-0.381,xtb_success,0.0700471000740256,0.9525,0.3347829700518179,8.722156942420778,8.856070130441505,57,185,128,physically_filtered
73,8,CC(C)(C)CC(=O)CS(=O)(=O)c1ccc(CC(=O)c2ccccn2)cc1,7.567700000000003,0.6957923906051998,2.417356466711764,373.4740000000001,3.2860000000000023,0.0,8.673860548631428,-10.3786,-8.1703,2.2082,-0.637,xtb_success,0.3774684065702492,0.605,0.44572788459917445,8.673860548631428,8.852151702471097,182,186,4,neutral
57,4,CN(C)c1cccc(C(=O)c2ccc(CN3CCN(CCC4(O)CCCCC4)CC3)cc2)c1,7.618300000000005,0.6126849706716369,2.3952632316329385,449.6390000000004,4.186500000000003,0.0,8.68511616217253,-9.3661,-7.737,1.629,-0.507,xtb_success,0.2416040318354703,0.8216666666666667,0.41562282228482916,8.68511616217253,8.851365291086463,154,187,33,physically_filtered
87,5,CCCc1ccc(CC2CCN(c3cccnn3)CC2)cc1,7.578400000000009,0.8377445797479472,2.11139601990865,295.43,3.888200000000003,0.0,8.672399722778435,-9.3933,-7.1202,2.2731,-0.223,xtb_success,0.3947518453012362,0.5575,0.4435762917108653,8.672399722778435,8.849830239462781,186,188,2,neutral
68,12,NC(=O)Cc1cc(-c2cc(C=O)ccn2)ccc1Cc1cc(C=O)ccn1,7.618200000000002,0.6525109169960943,2.7490458419579014,359.38500000000005,2.387200000000001,0.0,8.66955087430226,-10.3342,-8.6347,1.6995,-0.551,xtb_success,0.25623442490123005,0.7483333333333333,0.403864097430861,8.66955087430226,8.831096513274604,195,189,-6,neutral
71,51,NC(=O)Cc1cc(-c2cc(-c3cc(C=O)ccn3)ccn2)ccn1,7.563400000000001,0.7258112388152876,2.524130462852895,318.336,2.0459,0.0,8.673338947229755,-10.2525,-8.7311,1.5214,-0.539,xtb_success,0.22034027015247745,0.7683333333333333,0.3847381891067342,8.673338947229755,8.827234222872448,183,190,7,physically_filtered
93,16,CCCCCc1ccnc(-c2cc(CC[NH3+])c(O)c(OC)c2)c1,7.592900000000004,0.7357783959551135,2.7707835599560813,315.437,2.9799000000000007,0.0,8.6795553064146,-6.15,-5.2471,0.9029,-0.451,xtb_success,0.12266741226530732,0.9149999999999999,0.3603671885857151,8.6795553064146,8.823702181848885,162,191,29,physically_filtered
63,5,C[NH+]1CCC(CCN2CCN(C(=O)c3ccc(CC(C)(C)C)cc3)CC2)CC1,7.600100000000006,0.8413254171908806,3.118056035412419,386.6040000000002,2.3478000000000003,0.0,8.708957105054205,-6.2353,-4.9187,1.3167,-0.692,xtb_success,0.18344555449732802,0.5133333333333334,0.2824118881481297,8.708957105054205,8.821921860313457,86,192,106,physically_filtered
82,3,COc1ccc(CC(=O)N(C)C2CC[NH+](c3ccccc3)CC2)cc1,7.5540000000000065,0.9048884006939912,3.1977243130997195,339.45900000000006,2.0751,0.0,8.68667176903703,-6.6512,-5.8845,0.7667,-0.477,xtb_success,0.10644747465195274,0.8716666666666667,0.3360132322563669,8.68667176903703,8.821077061939576,149,193,44,physically_filtered
86,0,Cc1cccc(CN(c2ccc(F)c(F)c2)C2CN([NH+](C)C)C2)c1,7.561400000000007,0.8983354770767278,3.103171964829178,332.41800000000006,2.0235199999999995,0.0,8.700250542055453,-5.7886,-5.5718,0.2168,-0.325,xtb_success,0.05727590327067622,0.8125,0.28384313228947333,8.700250542055453,8.813787794971242,106,194,88,physically_filtered
80,39,Clc1ccc(-c2ccnc(C3=[NH+]CCCS3)c2)cc1Cl,7.559300000000008,0.9192411095184664,3.3067911269564245,324.256,3.0195000000000016,0.0,8.6882414420636,-7.9175,-7.1111,0.8065,-0.312,xtb_success,0.11100497251397265,0.7799999999999999,0.3117034807597808,8.6882414420636,8.812922834367512,144,195,51,physically_filtered
2,4,CC(C)(C)c1cc(C(=O)N2CCN(CC[N+](C)(C)CC(N)=O)CC2)ccn1,7.624800000000006,0.7414150489395999,2.808910787970793,376.52500000000015,0.6986000000000029,0.0,8.714616445672727,-6.8009,-6.1219,0.679,-0.679,xtb_success,0.09691895889422884,0.5349999999999999,0.22834327122596015,8.714616445672727,8.805953754163111,72,196,124,physically_filtered
99,5,C[NH+]1CCC(N(CCC2CCCCC2)C(=O)c2ccc(C(C)(C)C)cc2)CC1,7.592100000000008,0.8117233797377094,3.2023125105828187,385.61600000000016,4.073800000000003,0.0,8.677730438810581,-6.3547,-4.9008,1.4539,-0.669,xtb_success,0.20766000017792913,0.5516666666666666,0.31086200012455034,8.677730438810581,8.802075238860402,166,197,31,physically_filtered
50,13,COCCc1ccc(Cc2ccc(CCC3CC[NH+](C)CC3)cc2)cc1,7.589000000000006,0.7693571899992587,2.9519434570749965,352.54200000000003,3.3236000000000017,0.0,8.678484249292136,-5.3115,-4.967,0.3445,-0.34,xtb_success,0.0665893894796824,0.85,0.3016125726357777,8.678484249292136,8.799129278346447,164,198,34,physically_filtered
97,18,CC(C)(C)CCc1ccc(CCc2cc(C[NH3+])cc(C[NH3+])c2)cc1,7.600800000000004,0.7859820708222682,3.1918406111082733,326.528,2.9343000000000004,0.0,8.67460697430031,-8.8433,-8.8384,0.0049,-0.514,xtb_success,0.04420674051217577,0.81,0.273944718358523,8.67460697430031,8.78418486164372,178,199,21,physically_filtered
97,11,CCc1ccc(Cc2ccc(CCc3ccc(C[NH3+])cc3)cc2)cc1,7.587300000000004,0.666222665737135,2.115451525868956,330.49499999999995,4.366900000000002,0.0,8.708866180281676,-5.6346,-5.4958,0.1388,-0.176,xtb_success,0.052135552151183984,0.43999999999999995,0.16849488650582878,8.708866180281676,8.776264134884007,87,200,113,physically_filtered
