smiles,Is_Final_Top,Filter_Status,Active_Set,Data_Source_Status,Reward,R0,R_DFT,R_total,dft_effect,pIC50,QED,Lipinski_Pass,Violations,MW,LogP,HBD,HBA,RotBonds,TPSA,hERG_Prob,hERG_Risk,R_ADMET,R_global,EHOMO_ev,ELUMO_ev,gap_ev,PySCF_Gap_eV,PySCF_Dipole_Debye,PySCF_HOMO_eV,PySCF_LUMO_eV,PySCF_Energy_Eh,restart,step,SA,LogP_Penalty,esp_min,status,gap_score,esp_score,rank_R0,rank_total,delta_rank,MW.1,LogP.1,QED.1,Calc_Method,Gap_Median,Gap_MAD,Gap_RZ,Gap_HardFail,Gap_Penalty,R_gap,Dip_Median,Dip_MAD,Dip_P90,Dip_SoftThr,Dip_HardThr,Dipole_HardFail,Dip_Penalty,R_dip,Physical_HardFail,R_conf,R_phys,R_global2,name,Broad_Spectrum_Score,Broad_Rank,Broad_Rank_Pct,E_SARS_CoV_2,E_SARS_CoV_1,E_MERS_CoV,Docking_Rank,Docking_Rank_Pct
Cc1cccc(Cc2ccc(C(=O)N3CCC(NC(=O)C(C)C)CC3)o2)c1,False,Fail_hERG_HighRisk,False,Step3c+4a,8.824903766235789,8.824903766235789,0.7497100800580048,9.124787798258993,neutral,7.609500000000008,0.8777297693735809,True,0,368.47700000000015,3.555620000000003,1,3,5,62.55,0.8266666666666667,True,0.669,10.463,-10.4968,-7.0129,3.484,,,,,,87,2,2.2346111845100864,0.0,-0.551,xtb_success,0.7503001143685784,0.7483333333333333,2,1,-1,368.48,3.56,0.878,,,,,,,,,,,,,,,,,,,,,,,,,,,,
COCc1ccc(CN2CCN(C(=O)c3cccc(OC)c3)CC2)cc1,False,Fail_hERG_HighRisk,False,Step3c+4a,8.82512227734124,8.82512227734124,0.7143547714386828,9.110864185916713,neutral,7.602900000000009,0.7999791910367352,True,0,354.45000000000016,2.7996000000000016,0,4,6,42.01,0.7966666666666666,True,0.681,10.474,-9.7743,-6.4834,3.2908,,,,,,42,3,1.7776731817713518,0.0,-0.543,xtb_success,0.694078244912404,0.7616666666666666,1,2,1,354.45,2.8,0.8,,,,,,,,,,,,,,,,,,,,,,,,,,,,
NC(=O)CCc1ccc(Cc2ccc(CCC(N)=O)cc2)cc1,True,Pass,True,Step3c+4a+4b,8.743794874322447,8.743794874322447,0.8896992478616985,9.099674573467126,physically_promoted,7.548400000000006,0.7821291998590602,True,0,310.397,2.1132,2,2,8,86.18,0.2666666666666666,False,0.893,10.886,-10.3931,-6.0905,4.3025,5.98,4.09,-6.007,-0.026,-997.249556262998,52,17,1.773952447233773,0.0,-0.538,xtb_success,0.9409989255167124,0.77,37,3,-34,310.4,2.11,0.782,B3LYP/6-31G*,5.212,0.451,1.1485942324864882,False,0.0,1.0,4.2735,1.0585,6.58,5.418749999999999,6.58,False,0.0,1.0,False,1.0,1.0,10.886,mol_1,,,,,,,,
NC(=O)CCCc1ccc(CCCc2ccc(CC(N)=O)cc2)cc1,True,Pass,True,Step3c+4a+4b,8.743151916743592,8.743151916743592,0.8847022609779538,9.097032821134771,physically_promoted,7.586800000000007,0.6976456516867432,True,0,338.451,2.6977,2,2,10,86.18,0.38,False,0.848,10.793,-10.3492,-6.1014,4.2478,5.842,2.586,-6.219,-0.377,-1075.8746933187886,52,10,1.92470909099788,0.0,-0.535,xtb_success,0.9317175156827912,0.775,38,4,-34,338.45,2.7,0.698,B3LYP/6-31G*,5.212,0.451,0.9422062063365712,False,0.0,1.0,4.2735,1.0585,6.58,5.418749999999999,6.58,False,0.0,1.0,False,1.0,1.0,10.793,mol_5,,,,,,,,
Cc1ccc(CCc2ccc(S(=O)(=O)C(C)C)cc2)cc1F,True,Pass,True,Step3c+4a+4b,8.792105196000463,8.792105196000463,0.7481517938530815,9.091365913541695,neutral,7.568900000000009,0.8309102942074881,True,0,320.42900000000003,4.101420000000004,0,2,5,34.14,0.4364968461911693,False,0.825,10.742,-10.7096,-6.9798,3.7298,5.436,4.908,-6.424,-0.988,-1346.977275341195,73,44,1.9224995110329104,0.0,-0.648,xtb_success,0.8173597055044022,0.5866666666666667,7,5,-2,320.43,4.1,0.831,B3LYP/6-31G*,5.212,0.451,0.3350066511418924,False,0.0,1.0,4.2735,1.0585,6.58,5.418749999999999,6.58,False,0.0,1.0,False,1.0,1.0,10.742,mol_11,,,,,,,,
COc1cc(-c2cc(OC)c(OC)c(OC)c2)cc(OC)c1OC,True,Pass,True,Step3c+4a+4b,8.78299931813432,8.78299931813432,0.764714279408024,9.088885029897533,physically_promoted,7.557000000000008,0.7733670911887162,True,0,334.3680000000001,3.4052000000000024,0,6,7,55.38,0.2882484230955847,False,0.885,10.858,-10.2405,-6.8039,3.4366,5.279,1.397,-5.515,-0.235,-1150.389581309356,3,10,1.6068422746004494,0.0,-0.332,xtb_success,0.7367346848686056,0.83,17,6,-11,334.37,3.41,0.773,B3LYP/6-31G*,5.212,0.451,0.1002028822611911,False,0.0,1.0,4.2735,1.0585,6.58,5.418749999999999,6.58,False,0.0,1.0,False,1.0,1.0,10.858,mol_2,,,,,,,,
NC(=O)CCc1ccc(CCc2ccc(CC(N)=O)cc2)cc1,True,Pass,True,Step3c+4a+4b,8.734700237574545,8.734700237574545,0.8837116496131622,9.08818489741981,physically_promoted,7.547200000000005,0.7801442554165988,True,0,310.397,1.9174999999999995,2,2,8,86.18,0.2333333333333333,False,0.907,10.902,-10.298,-6.021,4.2769,5.939,6.338,-6.188,-0.249,-997.248525792967,52,11,1.8429740925004603,0.0,-0.544,xtb_success,0.9367309280188032,0.76,43,7,-36,310.4,1.92,0.78,B3LYP/6-31G*,5.212,0.451,1.0872760508042665,False,0.0,1.0,4.2735,1.0585,6.58,5.418749999999999,6.58,False,0.7916038744528708,0.2083961255471291,False,1.0,0.2083961255471291,2.271934560714802,,,,,,,,,
COCCc1ccc(CC[C@](C)(O)Cc2ccc(C)cc2)cc1,False,Fail_hERG_HighRisk,False,Step3c+4a,8.717939683416553,8.717939683416553,0.9204956069472904,9.08613792619547,physically_promoted,7.57820000000001,0.7946285041818818,True,0,312.453,4.110220000000004,1,2,8,29.46,0.6266666666666667,True,0.749,10.585,-10.3324,-5.9091,4.4233,,,,,,63,12,2.4624776367926007,0.0,-0.502,xtb_success,0.9592794384961294,0.8300000000000001,63,8,-55,312.45,4.11,0.795,,,,,,,,,,,,,,,,,,,,,,,,,,,,
COCCN(C)C(=O)c1cc(C(=O)N2CCC(C)CC2)ccc1F,False,Fail_hERG_HighRisk,False,Step3c+4a,8.75994508210988,8.75994508210988,0.81500838120726,9.085948434592783,physically_promoted,7.557200000000008,0.8296337879548096,True,0,336.40700000000004,2.4162,0,3,5,49.85,0.7052509803921568,True,0.718,10.522,-10.761,-6.9876,3.7735,,,,,,14,2,2.1207181186753328,0.0,-0.53,xtb_success,0.8285834017246573,0.7833333333333333,27,9,-18,336.41,2.42,0.83,,,,,,,,,,,,,,,,,,,,,,,,,,,,
COc1cc(OC)c(OC)c(-c2cc(OC)c(OC)c(OC)c2)c1,True,Pass,True,Step3c+4a+4b,8.781391803656906,8.781391803656906,0.7605067394079494,9.085594499420086,physically_promoted,7.59120000000001,0.7733670911887162,True,0,334.36800000000005,3.4052000000000024,0,6,7,55.38,0.321581756428918,False,0.871,10.828,-10.1232,-6.6963,3.4269,5.256,5.115,-5.383,-0.127,-1150.388419251843,3,15,1.9649174193746344,0.0,-0.329,xtb_success,0.7339381991542135,0.8225,19,10,-9,334.37,3.41,0.773,B3LYP/6-31G*,5.212,0.451,0.0658048779028723,False,0.0,1.0,4.2735,1.0585,6.58,5.418749999999999,6.58,False,0.0,1.0,False,1.0,1.0,10.828,mol_3,,,,,,,,
CC(C)(C)c1ccc(Cc2cc(CCCC(N)=O)ccn2)cc1,False,Fail_hERG_HighRisk,False,Step3c+4a,8.788147363119538,8.788147363119538,0.7390547644611978,9.083769268904016,neutral,7.577500000000008,0.8824987477291736,True,0,310.4409999999999,3.7779000000000016,1,2,6,55.98,0.5633333333333334,True,0.775,10.633,-9.984,-6.6073,3.3767,,,,,,64,14,2.124930878743063,0.0,-0.529,xtb_success,0.7193639492302826,0.785,12,11,-1,310.44,3.78,0.882,,,,,,,,,,,,,,,,,,,,,,,,,,,,
COCCc1ccc(Cc2ccc(C(C)(C)C)cc2C#CCO)cc1,False,Fail_hERG_HighRisk,False,Step3c+4a,8.74851960308649,8.74851960308649,0.8286540647681602,9.079981228993754,physically_promoted,7.567200000000009,0.832860706155543,True,0,336.4750000000001,4.107600000000003,1,2,5,29.46,0.66,True,0.736,10.552,-10.2667,-6.4669,3.7998,,,,,,99,4,2.3511074999129065,0.0,-0.512,xtb_success,0.8352200925259432,0.8133333333333334,33,12,-21,336.48,4.11,0.833,,,,,,,,,,,,,,,,,,,,,,,,,,,,
COc1cc(OC)c(OC)c(-c2cc(C)c(OC)cc2OC)c1,True,Pass,True,Step3c+4a+4b,8.765370012422554,8.765370012422554,0.7803950177022436,9.077528019503452,physically_promoted,7.561200000000009,0.8123785740185984,True,0,318.369,3.705020000000003,0,5,6,46.15,0.3749150897622513,False,0.85,10.778,-9.9151,-6.4264,3.4887,5.476,2.281,-5.267,0.209,-1075.1919216818687,3,6,2.0148738389079,0.0,-0.339,xtb_success,0.7516357395746338,0.8475,23,13,-10,318.37,3.71,0.812,B3LYP/6-31G*,5.212,0.451,0.3948292674172302,False,0.0,1.0,4.2735,1.0585,6.58,5.418749999999999,6.58,False,0.0,1.0,False,1.0,1.0,10.778,mol_7,,,,,,,,
Cc1ccc(Cc2ccc(CS(=O)(=O)C(C)C)cc2)cc1F,True,Pass,True,Step3c+4a,8.752090027148633,8.752090027148633,0.8134888650365169,9.07748557316324,physically_promoted,7.539900000000008,0.8327262641961382,True,0,320.429,4.048120000000004,0,2,5,34.14,0.4469329082564449,False,0.821,10.72,-10.6141,-6.4863,4.1277,,,,,,73,45,2.041731049494448,0.0,-0.646,xtb_success,0.9092698071950244,0.59,32,14,-18,320.43,4.05,0.833,,,,,,,,,,,,,,,,,,,,,,,,,,,,
COCc1ccc(CCc2ccc(CN(OC)OC)cc2)cc1,False,Fail_hERG_HighRisk,False,Step3c+4a,8.70834363848199,8.70834363848199,0.9228153286393196,9.077469769937718,physically_promoted,7.611400000000008,0.6623199295964269,True,0,315.413,3.543000000000003,0,4,9,30.93,0.5633333333333334,True,0.775,10.627,-10.5004,-6.2034,4.297,,,,,,51,12,2.3001705422046026,0.0,-0.353,xtb_success,0.9400933266275996,0.8825,89,15,-74,315.41,3.54,0.662,,,,,,,,,,,,,,,,,,,,,,,,,,,,
NC(=O)Cc1ccc(-c2ccc(-c3ccc(CC(N)=O)cc3)cc2)cc1,True,Pass,True,Step3c+4a+4b,8.790548855694501,8.790548855694501,0.7140921809375982,9.07618572806954,neutral,7.592200000000004,0.7198180512365173,True,0,344.414,3.076200000000001,2,2,6,86.18,0.18,False,0.928,10.932,-10.179,-6.9135,3.2655,4.96,3.527,-5.878,-0.918,-1110.3619922463456,86,52,1.6156016992376117,0.0,-0.533,xtb_success,0.6865602584822832,0.7783333333333333,8,16,8,344.41,3.08,0.72,B3LYP/6-31G*,5.212,0.451,-0.3768824825346282,False,0.0,1.0,4.2735,1.0585,6.58,5.418749999999999,6.58,False,0.0,1.0,False,1.0,1.0,10.932,mol_0,,,,,,,,
CCCc1c(Cc2ccc(CCOC)c(OC)c2)cccc1OC,False,Fail_hERG_HighRisk,False,Step3c+4a,8.712403324490047,8.712403324490047,0.9075441755080762,9.075420994693278,physically_promoted,7.58390000000001,0.6811008115880309,True,0,328.452,4.436000000000004,0,3,9,27.69,0.7292853187698849,True,0.708,10.492,-10.1437,-5.9808,4.1629,,,,,,60,16,2.120470813039791,0.0,-0.355,xtb_success,0.9161345364401088,0.8875,75,17,-58,328.45,4.44,0.681,,,,,,,,,,,,,,,,,,,,,,,,,,,,
CC(C)(C)c1ccc(C(=O)N2CCN(CCc3ccccn3)CC2)cc1,False,Fail_hERG_HighRisk,False,Step3c+4a,8.810694258581652,8.810694258581652,0.6535528695947128,9.072115406419536,neutral,7.583200000000009,0.8472169930185952,True,0,351.494,3.3796000000000026,0,3,4,36.44,0.8433333333333334,True,0.663,10.397,-9.7234,-6.7071,3.0164,,,,,,57,5,1.9611423792765503,0.0,-0.549,xtb_success,0.6115040994210184,0.7516666666666666,4,18,14,351.49,3.38,0.847,,,,,,,,,,,,,,,,,,,,,,,,,,,,
O=C(Nc1ccc(Cc2ccccn2)cc1)N1CCN(C(=O)C2CCCCC2)CC1,False,Fail_hERG_HighRisk,False,Step3c+4a,8.789390063085246,8.789390063085246,0.7016130795250015,9.070035294895249,neutral,7.58190000000001,0.8366928697810461,True,0,406.5300000000004,3.9288000000000025,1,3,4,65.54,0.7466666666666667,True,0.701,10.473,-9.9576,-6.6896,3.268,,,,,,57,3,2.108563718052876,0.0,-0.559,xtb_success,0.6873043993214307,0.735,11,19,8,406.53,3.93,0.837,,,,,,,,,,,,,,,,,,,,,,,,,,,,
COCCc1ccc(CCc2ccc(CCOC)cc2)cc1,False,Fail_hERG_HighRisk,False,Step3c+4a,8.698748972957892,8.698748972957892,0.9250566290044704,9.06877162455968,physically_promoted,7.59610000000001,0.6998716063048955,True,0,298.426,3.8496000000000032,0,2,9,18.46,0.501581756428918,True,0.799,10.668,-10.3385,-6.0285,4.31,,,,,,51,13,1.5840060892083798,0.0,-0.354,xtb_success,0.942223755720672,0.8849999999999999,111,20,-91,298.43,3.85,0.7,,,,,,,,,,,,,,,,,,,,,,,,,,,,
COCc1ccc(Cc2ccc(Cc3cc(OC)ccn3)cc2)cc1,False,Fail_hERG_HighRisk,False,Step3c+4a,8.738222764320346,8.738222764320346,0.8183219104843307,9.065551528514078,physically_promoted,7.613600000000011,0.6413053438422793,True,0,333.431,4.418200000000003,0,3,7,31.35,0.5364968461911693,True,0.785,10.636,-10.0806,-6.4429,3.6377,,,,,,92,10,1.9602990760080448,0.0,-0.351,xtb_success,0.7929598721204725,0.8775,39,21,-18,333.43,4.42,0.641,,,,,,,,,,,,,,,,,,,,,,,,,,,,
COCCc1cccc(CCc2cccc(COC)c2OC)c1OC,False,Fail_hERG_HighRisk,False,Step3c+4a,8.694780856862629,8.694780856862629,0.9233217623767956,9.064109561813346,physically_promoted,7.599500000000007,0.6564251353917736,True,0,344.4510000000001,3.824300000000004,0,4,10,36.92,0.591581756428918,True,0.763,10.591,-10.5712,-6.25,4.3212,,,,,,60,57,2.3293171083326563,0.0,-0.35,xtb_success,0.9440310891097082,0.8749999999999999,126,22,-104,344.45,3.82,0.656,,,,,,,,,,,,,,,,,,,,,,,,,,,,
COCc1ccc(CCN2CCN(C(=O)C3(OC)CCCCC3)CC2)cc1,False,Fail_hERG_HighRisk,False,Step3c+4a,8.763718204803114,8.763718204803114,0.7499194556440134,9.06368598706072,neutral,7.635600000000008,0.7359856256424561,True,0,374.52500000000026,2.8690000000000007,0,4,7,42.01,0.77,True,0.692,10.448,-9.4291,-5.989,3.4401,,,,,,92,4,2.3987460801812155,0.0,-0.533,xtb_success,0.7377420794914477,0.7783333333333333,24,23,-1,374.53,2.87,0.736,,,,,,,,,,,,,,,,,,,,,,,,,,,,
COCCc1cccc(Cc2cccc(COC)c2OC)c1OC,False,Fail_hERG_HighRisk,False,Step3c+4a,8.687807543431235,8.687807543431235,0.9352402827295956,9.061903656523072,physically_promoted,7.569700000000008,0.70344124042064,True,0,330.4240000000001,3.629900000000003,0,4,9,36.92,0.591581756428918,True,0.763,10.589,-10.6787,-6.2657,4.413,,,,,,60,50,2.336130767790925,0.0,-0.353,xtb_success,0.9578432610422796,0.8825,145,24,-121,330.42,3.63,0.703,,,,,,,,,,,,,,,,,,,,,,,,,,,,
COCCCc1ccc(CCc2ccc(COC)cc2)cc1,False,Fail_hERG_HighRisk,False,Step3c+4a,8.694047246571579,8.694047246571579,0.9161654606883862,9.060513430846934,physically_promoted,7.633300000000009,0.6460504052048717,True,0,298.426,4.197200000000004,0,2,9,18.46,0.6082484230955847,True,0.757,10.574,-10.3743,-6.1268,4.2475,,,,,,59,30,1.7339173475713725,0.0,-0.352,xtb_success,0.931664943840552,0.8799999999999999,129,25,-104,298.43,4.2,0.646,,,,,,,,,,,,,,,,,,,,,,,,,,,,
NC(=O)CCc1ccc(Cc2ccc(Cc3ccc(CC(N)=O)cc3)cc2)cc1,True,Pass,True,Step3c+4a+4b,8.711583735823323,8.711583735823323,0.8714799840639853,9.060175729448918,physically_promoted,7.604300000000004,0.5910238398575833,True,0,386.4950000000001,3.313900000000001,2,2,9,86.18,0.2466666666666666,False,0.901,10.863,-10.3051,-6.1593,4.1458,5.738,5.936,-5.967,-0.229,-1228.2948124889608,52,23,1.882281841054727,0.0,-0.535,xtb_success,0.9128285486628364,0.775,79,26,-53,386.5,3.31,0.591,B3LYP/6-31G*,5.212,0.451,0.786667404020694,False,0.0,1.0,4.2735,1.0585,6.58,5.418749999999999,6.58,False,0.4454251879910226,0.5545748120089773,False,1.0,0.5545748120089773,6.02434618285352,,,,,,,,,
COCc1ccc(Cc2ccc(CCOC(C)C)cc2)cc1,False,Fail_hERG_HighRisk,False,Step3c+4a,8.686897253061309,8.686897253061309,0.93242708681747,9.059868087788296,physically_promoted,7.602500000000009,0.7192883234041092,True,0,298.426,4.391300000000004,0,2,8,18.46,0.5669329082564449,True,0.773,10.606,-10.4589,-6.1164,4.3425,,,,,,10,8,1.863606873670273,0.0,-0.359,xtb_success,0.9473958383106716,0.8975,147,27,-120,298.43,4.39,0.719,,,,,,,,,,,,,,,,,,,,,,,,,,,,
COCc1ccc(C(=O)N2CCN(c3ccccn3)CC2)cc1,False,Fail_hERG_HighRisk,False,Step3c+4a,8.78558480843557,8.78558480843557,0.6771106596421974,9.056429072292447,neutral,7.547500000000011,0.8681648101470093,True,0,311.38500000000005,2.1904000000000003,0,4,4,45.67,0.73,True,0.708,10.472,-9.7007,-6.5897,3.111,,,,,,48,2,1.812635754604143,0.0,-0.542,xtb_success,0.6401580852031392,0.7633333333333333,13,28,15,311.39,2.19,0.868,,,,,,,,,,,,,,,,,,,,,,,,,,,,
COCCc1ccc(Cc2ccc(Cc3cc(OC)ccn3)cc2)cc1,False,Fail_hERG_HighRisk,False,Step3c+4a,8.729919526547745,8.729919526547745,0.8143391014838623,9.055655167141287,physically_promoted,7.628900000000008,0.6027336149558169,True,0,347.458,4.4607000000000046,0,3,8,31.35,0.5864968461911694,True,0.765,10.586,-10.0701,-6.4456,3.6246,,,,,,43,16,2.003472809301716,0.0,-0.349,xtb_success,0.7894130021198034,0.8724999999999999,46,29,-17,347.46,4.46,0.603,,,,,,,,,,,,,,,,,,,,,,,,,,,,
Cc1ccc(CN(CC(N)=O)C(=O)Cc2ccc(CC(N)=O)cc2)cc1,True,Pass,True,Step3c+4a+4b,8.697390416957372,8.697390416957372,0.8953384464916565,9.055525795554034,physically_promoted,7.531700000000005,0.7413244241151555,True,0,353.4220000000001,1.0794200000000005,2,3,8,106.49,0.38,False,0.848,10.752,-10.4995,-6.1601,4.3394,6.005,4.275,-6.299,-0.293,-1165.931293547686,17,4,2.0497179510021226,0.0,-0.535,xtb_success,0.9469120664166522,0.775,117,30,-87,353.42,1.08,0.741,B3LYP/6-31G*,5.212,0.451,1.1859833676585736,False,0.0,1.0,4.2735,1.0585,6.58,5.418749999999999,6.58,False,0.0,1.0,False,1.0,1.0,10.752,mol_10,,,,,,,,
CCCc1ccc(OC)cc1N1CCN(c2ccc(F)c(C)c2)CC1,False,Fail_hERG_HighRisk,False,Step3c+4a,8.784363070179829,8.784363070179829,0.6765180369503361,9.054970284959964,neutral,7.589900000000008,0.7997641665765554,True,0,342.4580000000001,4.421820000000004,0,3,5,15.71,0.727446672790943,True,0.709,10.473,-9.1956,-6.1287,3.0669,,,,,,72,5,2.054190131084553,0.0,-0.317,xtb_success,0.6268114813576231,0.7925,14,31,17,342.46,4.42,0.8,,,,,,,,,,,,,,,,,,,,,,,,,,,,
CCc1ccc(Cc2ccc(CC)c(CC)c2)c(CC(N)=O)c1,True,Pass,True,Step3c+4a+4b,8.696203065378318,8.696203065378318,0.8943553603627048,9.0539452095234,physically_promoted,7.530900000000008,0.8253258566525065,True,0,309.453,3.9924000000000017,1,1,7,43.09,0.3966666666666666,False,0.841,10.737,-10.3413,-6.0062,4.335,5.845,3.567,-5.967,-0.122,-946.493934406619,72,15,2.253576792204603,0.0,-0.536,xtb_success,0.9462219433752926,0.7733333333333333,121,32,-89,309.45,3.99,0.825,B3LYP/6-31G*,5.212,0.451,0.9466929025572218,False,0.0,1.0,4.2735,1.0585,6.58,5.418749999999999,6.58,False,0.0,1.0,False,1.0,1.0,10.737,mol_12,,,,,,,,
COCc1ccc(Cc2cccc(C(=O)N3CC[C@H](OC)C3)c2)cc1,False,Fail_hERG_HighRisk,False,Step3c+4a,8.722963362031258,8.722963362031258,0.8198883457849249,9.050918700345228,physically_promoted,7.562600000000007,0.8105895085586278,True,0,339.43500000000006,3.2847000000000017,0,3,6,38.77,0.82,True,0.672,10.395,-10.6175,-6.7583,3.8591,,,,,,42,4,2.4493139224806164,0.0,-0.55,xtb_success,0.8498404939784642,0.75,55,33,-22,339.44,3.28,0.811,,,,,,,,,,,,,,,,,,,,,,,,,,,,
CCCc1cc(OC)c(-c2cc(OC)cc(OC)c2OC)c(OC)c1,True,Pass,True,Step3c+4a,8.704237316923603,8.704237316923603,0.8661783656239905,9.050708663173198,physically_promoted,7.562800000000011,0.7110153158651228,True,0,346.4230000000001,4.349100000000004,0,5,8,46.15,0.4849150897622513,False,0.806,10.663,-10.0962,-6.1752,3.9209,,,,,,3,20,2.140703410089685,0.0,-0.348,xtb_success,0.8645405223199866,0.8699999999999999,100,34,-66,346.42,4.35,0.711,,,,,,,,,,,,,,,,,,,,,,,,,,,,
CC(C)S(=O)(=O)c1ccc(Cc2ccc(S(=O)(=O)C(C)C)cc2)cc1,True,Pass,True,Step3c+4a+4b,8.736567664987373,8.736567664987373,0.7851591862980464,9.050631339506593,neutral,7.552200000000008,0.7671356752535823,True,0,380.5310000000001,3.641600000000003,0,4,6,68.28,0.2635995749231116,False,0.895,10.84,-11.0825,-7.134,3.9486,5.836,9.09,-7.157,-1.321,-1835.620246558764,73,30,1.992001726394253,0.0,-0.649,xtb_success,0.8709416947114949,0.585,40,35,-5,380.53,3.64,0.767,B3LYP/6-31G*,5.212,0.451,0.9332328138952716,False,0.0,1.0,4.2735,1.0585,6.58,5.418749999999999,6.58,True,1.0,0.0,True,1.0,0.0,0.0,,,,,,,,,
COCCN(C)C(=O)c1cc(CCC2CCN(C(=O)OC)CC2)ccc1C,False,Fail_hERG_HighRisk,False,Step3c+4a,8.70317362367587,8.70317362367587,0.8595938789406843,9.047011175252145,physically_promoted,7.566300000000005,0.733584501257796,True,0,376.4970000000001,3.1244200000000024,0,4,7,59.08,0.8510368956743002,True,0.66,10.366,-10.4438,-6.2674,4.1764,,,,,,14,5,2.2991862695303293,0.0,-0.567,xtb_success,0.9187055413438348,0.7216666666666668,102,36,-66,376.5,3.12,0.734,,,,,,,,,,,,,,,,,,,,,,,,,,,,
COCc1ccc(C(=O)N2CCN(CC3CCCCC3)CC2)cc1,False,Fail_hERG_HighRisk,False,Step3c+4a,8.804052952940099,8.804052952940099,0.5992758607836653,9.043763297253564,neutral,7.579000000000009,0.831189609535327,True,0,330.4720000000001,3.171100000000002,0,3,5,32.78,0.7403381041277742,True,0.704,10.451,-9.3459,-6.5863,2.7596,,,,,,51,5,1.9054185182757328,0.0,-0.549,xtb_success,0.5339655154052363,0.7516666666666666,5,37,32,330.47,3.17,0.831,,,,,,,,,,,,,,,,,,,,,,,,,,,,
COCc1ccc(Cc2ccccn2)cc1C(=O)N1CCCCC1,False,Fail_hERG_HighRisk,False,Step3c+4a,8.757170346321876,8.757170346321876,0.7153237872921789,9.043299861238747,neutral,7.546800000000007,0.8458701984966871,True,0,324.4240000000002,3.4449000000000023,0,3,5,42.43,0.7210368956743003,True,0.712,10.466,-10.059,-6.7418,3.3172,,,,,,67,3,2.1256475292647448,0.0,-0.552,xtb_success,0.7018911247031129,0.7466666666666666,28,38,10,324.42,3.44,0.846,,,,,,,,,,,,,,,,,,,,,,,,,,,,
COCc1ccc(OC)c(C(=O)N2CCN(c3ccccc3)CC2)c1,False,Fail_hERG_HighRisk,False,Step3c+4a,8.777841128293922,8.777841128293922,0.6622485390644737,9.042740543919711,neutral,7.541500000000006,0.8393225038231562,True,0,340.42300000000006,2.804000000000001,0,4,5,42.01,0.7731106870229008,True,0.691,10.424,-9.4403,-6.4112,3.0291,,,,,,65,2,1.8332012361766417,0.0,-0.537,xtb_success,0.615355055806391,0.7716666666666666,20,39,19,340.42,2.8,0.839,,,,,,,,,,,,,,,,,,,,,,,,,,,,
COCc1ccc(C(=O)N(c2ccccn2)C2CCCCC2)cc1,False,Fail_hERG_HighRisk,False,Step3c+4a,8.755806285303198,8.755806285303198,0.7166995707634285,9.04248611360857,neutral,7.557300000000009,0.8272663401955912,True,0,324.4240000000001,4.207500000000004,0,3,5,42.43,0.75,True,0.7,10.442,-10.307,-7.0745,3.2325,,,,,,51,4,2.1512688479460635,0.0,-0.514,xtb_success,0.6767136725191836,0.81,30,40,10,324.42,4.21,0.827,,,,,,,,,,,,,,,,,,,,,,,,,,,,
COCCc1cccc(Cc2cccc(OC)c2OC)c1COC,False,Fail_hERG_HighRisk,False,Step3c+4a,8.6754046248792,8.6754046248792,0.9162758237582692,9.041914954382507,physically_promoted,7.548000000000007,0.70344124042064,True,0,330.4240000000001,3.629900000000003,0,4,9,36.92,0.669285318769885,True,0.732,10.506,-10.5088,-6.2604,4.2484,,,,,,60,56,2.2431599533112845,0.0,-0.352,xtb_success,0.9318226053689564,0.8799999999999999,177,41,-136,330.42,3.63,0.703,,,,,,,,,,,,,,,,,,,,,,,,,,,,
CC(C)(C)c1ccc(CCCc2cc(CCCC(N)=O)ccn2)cc1,False,Fail_hERG_HighRisk,False,Step3c+4a,8.746838605301846,8.746838605301846,0.7353206704712129,9.040966873490332,neutral,7.575100000000008,0.7771452600368048,True,0,338.49499999999995,4.362400000000003,1,2,8,55.98,0.6166666666666667,True,0.753,10.548,-9.933,-6.5721,3.3609,,,,,,64,11,2.168340247165654,0.0,-0.53,xtb_success,0.7147438149588755,0.7833333333333333,34,42,8,338.49,4.36,0.777,,,,,,,,,,,,,,,,,,,,,,,,,,,,
COc1cc(OC)c(OC)c(-c2cc(OC)cc(OC)c2OC)c1,True,Pass,True,Step3c+4a+4b,8.729075953392986,8.729075953392986,0.7765197939298275,9.039683870964916,neutral,7.534300000000006,0.7733670911887162,True,0,334.3680000000001,3.4052000000000024,0,6,7,55.38,0.3182484230955846,False,0.873,10.785,-10.0321,-6.5478,3.4843,5.131,0.895,-5.219,-0.089,-1150.38502968461,3,21,1.9190759220137856,0.0,-0.335,xtb_success,0.7503854198997536,0.8375,48,43,-5,334.37,3.41,0.773,B3LYP/6-31G*,5.212,0.451,-0.1211407979575584,False,0.0,1.0,4.2735,1.0585,6.58,5.418749999999999,6.58,False,0.0,1.0,False,1.0,1.0,10.785,mol_6,,,,,,,,
O=C([O-])c1ccc(C(=O)NCc2ccc(C3CCCCC3)cc2)s1,True,Pass,True,Step3c+4a,8.789858239637585,8.789858239637585,0.624279985271042,9.039570233746002,neutral,7.577400000000001,0.907636484889226,True,0,342.44000000000005,3.089300000000001,1,4,5,69.23,0.4570047707944409,False,0.817,10.674,-10.9258,-8.0569,2.8689,,,,,,81,4,2.4136000280702863,0.0,-0.545,xtb_success,0.5668285503872029,0.7583333333333333,10,44,34,342.44,3.09,0.908,,,,,,,,,,,,,,,,,,,,,,,,,,,,
COc1ccc(OC2CN(C(=O)N(C)C3CCCCC3)C2)cc1,False,Fail_hERG_HighRisk,False,Step3c+4a,8.717898554997229,8.717898554997229,0.7997177649158532,9.03778566096357,physically_promoted,7.509200000000005,0.8562678317738766,True,0,318.4170000000001,3.1427000000000023,0,3,4,42.01,0.7247083331354078,True,0.71,10.458,-10.0461,-6.2201,3.826,,,,,,45,3,2.189343086583301,0.0,-0.579,xtb_success,0.8417396641655046,0.7016666666666668,64,45,-19,318.42,3.14,0.856,,,,,,,,,,,,,,,,,,,,,,,,,,,,
COCc1ccc(C(=O)N2CCN(c3ccccc3)CC2)cc1,False,Fail_hERG_HighRisk,False,Step3c+4a,8.813230878532746,8.813230878532746,0.5602621493110929,9.037335738257184,neutral,7.560700000000013,0.8703710270441913,True,0,310.39700000000005,2.7954000000000008,0,3,4,32.78,0.7810368956743002,True,0.688,10.413,-9.2905,-6.737,2.5535,,,,,,48,3,1.6438015410564972,0.0,-0.542,xtb_success,0.4732316418729899,0.7633333333333333,3,46,43,310.4,2.8,0.87,,,,,,,,,,,,,,,,,,,,,,,,,,,,
COCCc1ccc(Cc2nc(CC3(O)CCCCC3)cs2)cc1,False,Fail_hERG_HighRisk,False,Step3c+4a,8.730736356606574,8.730736356606574,0.7598067223390641,9.0346590455422,neutral,7.565400000000006,0.8191495597254288,True,0,345.50800000000004,4.160500000000003,1,4,7,42.35,0.6598301795245027,True,0.736,10.507,-10.4939,-7.0618,3.4321,,,,,,93,7,2.442384232561446,0.0,-0.51,xtb_success,0.7354381747700915,0.8166666666666667,45,47,2,345.51,4.16,0.819,,,,,,,,,,,,,,,,,,,,,,,,,,,,
COCc1ccc(C(=O)N2CCN(C3CCCCC3)CC2)cc1,False,Fail_hERG_HighRisk,False,Step3c+4a,8.799389705850047,8.799389705850047,0.5724247893271228,9.028359621580895,neutral,7.563200000000011,0.8560607393854576,True,0,316.44500000000005,2.923500000000001,0,3,4,32.78,0.7170047707944409,True,0.713,10.455,-9.3722,-6.7372,2.6351,,,,,,48,4,1.893162505465224,0.0,-0.551,xtb_success,0.4970354133244613,0.7483333333333333,6,48,42,316.45,2.92,0.856,,,,,,,,,,,,,,,,,,,,,,,,,,,,
COCCN(C)C(=O)c1cc(Cc2ccnc(OC)c2)ccc1C,False,Fail_hERG_HighRisk,False,Step3c+4a,8.71923601177199,8.71923601177199,0.7703097123816155,9.027359896724636,physically_promoted,7.551900000000005,0.7840546118965055,True,0,328.41200000000003,2.7078200000000017,0,4,7,51.66,0.6696212093997904,True,0.732,10.492,-10.2719,-6.6956,3.5762,,,,,,14,4,2.2469129417626927,0.0,-0.546,xtb_success,0.7761567319737366,0.7566666666666666,59,49,-10,328.41,2.71,0.784,,,,,,,,,,,,,,,,,,,,,,,,,,,,
CC(C)(C)c1ccc(CC[C@H]2CCN(C(=O)c3ccccn3)C2)cc1,False,Fail_hERG_HighRisk,False,Step3c+4a,8.78380894150429,8.78380894150429,0.6040238267027842,9.025418472185404,neutral,7.621400000000011,0.8249005320767268,True,0,336.479,4.474000000000005,0,2,4,33.2,0.8233333333333334,True,0.671,10.367,-10.2211,-7.4103,2.8108,,,,,,57,8,2.500413245340855,0.0,-0.561,xtb_success,0.5493197524325489,0.7316666666666666,16,50,34,336.48,4.47,0.825,,,,,,,,,,,,,,,,,,,,,,,,,,,,
COc1cc([C@@H]2C[C@H]2C(=O)N2CCC(C(=O)[O-])CC2)cc(C2(O)CCCCC2)c1,True,Pass,True,Step3c+4a,8.677579482221043,8.677579482221043,0.8687097410324962,9.02506337863404,physically_promoted,7.632800000000002,0.8158153205974006,True,0,400.4950000000002,1.938899999999999,1,5,5,89.9,0.4322557511865978,False,0.827,10.679,-10.3569,-6.3474,4.0095,,,,,,24,5,3.631281780776592,0.0,-0.501,xtb_success,0.8845853443321375,0.8316666666666667,167,51,-116,400.5,1.94,0.816,,,,,,,,,,,,,,,,,,,,,,,,,,,,
CCCc1cc(OC)c(OC)c(-c2cc(OC)cc(OC)c2OC)c1,True,Pass,True,Step3c+4a,8.710256046020596,8.710256046020596,0.7863156545273813,9.024782307831549,physically_promoted,7.567700000000013,0.7110153158651228,True,0,346.4230000000001,4.349100000000004,0,5,8,46.15,0.4482484230955846,False,0.821,10.666,-10.1065,-6.5689,3.5377,,,,,,3,13,2.1295161191197867,0.0,-0.334,xtb_success,0.7654509350391163,0.835,84,52,-32,346.42,4.35,0.711,,,,,,,,,,,,,,,,,,,,,,,,,,,,
NC(=O)CCc1ccc(-c2ccc(CCC(N)=O)cc2)cc1,True,Pass,True,Step3c+4a+4b,8.701088281774982,8.701088281774982,0.796758803733556,9.019791803268404,physically_promoted,7.569700000000003,0.8202117375805384,True,0,296.36999999999995,2.1894,2,2,7,86.18,0.26,False,0.896,10.812,-10.2153,-6.5366,3.6787,5.479,4.796,-5.899,-0.42,-957.9407403858924,52,24,1.7305211627397714,0.0,-0.532,xtb_success,0.8039411481907943,0.78,105,53,-52,296.37,2.19,0.82,B3LYP/6-31G*,5.212,0.451,0.3993159636378808,False,0.0,1.0,4.2735,1.0585,6.58,5.418749999999999,6.58,False,0.0,1.0,False,1.0,1.0,10.812,mol_4,,,,,,,,
COc1ccc(Cc2ccc(C(=O)NC3=CCCCO3)cn2)cc1,False,Fail_hERG_HighRisk,False,Step3c+4a,8.783898870225222,8.783898870225222,0.5879923775450664,9.01909582124325,neutral,7.576000000000011,0.9180823671824908,True,0,324.38,3.062600000000001,1,4,5,60.45,0.5103381041277743,True,0.796,10.611,-10.0568,-7.4554,2.6013,,,,,,96,3,2.5114231336603474,0.0,-0.506,xtb_success,0.4871319679215234,0.8233333333333334,15,54,39,324.38,3.06,0.918,,,,,,,,,,,,,,,,,,,,,,,,,,,,
NC(=O)Cc1ccc(CCc2ccc(CC3CCCCC3)cc2)cc1,True,Pass,True,Step3c+4a+4b,8.668984711810568,8.668984711810568,0.8742170496010866,9.018671531651002,physically_promoted,7.588200000000008,0.7878849184855369,True,0,335.49100000000004,4.622400000000004,1,1,7,43.09,0.4846793283787503,False,0.806,10.631,-10.3028,-6.133,4.1698,5.973,3.654,-6.168,-0.195,-1023.9017329466772,52,8,1.9075774743220588,0.1224000000000042,-0.536,xtb_success,0.9174529280015524,0.7733333333333333,198,55,-143,335.49,4.62,0.788,B3LYP/6-31G*,5.212,0.451,1.138125274638303,False,0.0,1.0,4.2735,1.0585,6.58,5.418749999999999,6.58,False,0.0,1.0,False,1.0,1.0,10.631,mol_22,,,,,,,,
COCCc1ccc(CC(=O)C(C)(C)c2ccc(C)cc2)cc1,False,Fail_hERG_HighRisk,False,Step3c+4a,8.719875051690385,8.719875051690385,0.7433545892437496,9.017216887387884,neutral,7.5607000000000095,0.763025896564199,True,0,310.43699999999995,4.273320000000004,0,2,7,26.3,0.5733333333333334,True,0.771,10.559,-10.1954,-7.0526,3.1429,,,,,,63,11,2.0421395325892178,0.0,-0.423,xtb_success,0.6497922703482139,0.9616666666666668,58,56,-2,310.44,4.27,0.763,,,,,,,,,,,,,,,,,,,,,,,,,,,,
CCCn1nc(CCOC)cc1Cc1ccc(Cl)c(Cl)c1,False,Fail_hERG_HighRisk,False,Step3c+4a,8.692465338193598,8.692465338193598,0.8113419735196838,9.017002127601472,physically_promoted,7.556100000000007,0.7545037290264186,True,0,327.255,4.379600000000004,0,3,7,27.05,0.75,True,0.7,10.417,-10.3348,-6.722,3.6128,,,,,,58,15,2.4088652631961853,0.0,-0.348,xtb_success,0.7862028193138343,0.8699999999999999,132,57,-75,327.25,4.38,0.755,,,,,,,,,,,,,,,,,,,,,,,,,,,,
CCCc1ccc(-c2nc(C(C)(C)C)cs2)cc1CC(N)=O,True,Pass,True,Step3c+4a+4b,8.770261452371502,8.770261452371502,0.6165090871132359,9.016865087216797,neutral,7.566200000000008,0.9030158842217344,True,0,316.4700000000001,4.087900000000002,1,3,5,55.98,0.32,False,0.872,10.761,-10.2796,-7.476,2.8036,4.616,3.277,-5.738,-1.122,-1283.3012646161874,99,16,2.449574126417525,0.0,-0.533,xtb_success,0.5471558387331942,0.7783333333333333,21,58,37,316.47,4.09,0.903,B3LYP/6-31G*,5.212,0.451,-0.8913569825025343,False,0.0,1.0,4.2735,1.0585,6.58,5.418749999999999,6.58,False,0.0,1.0,False,1.0,1.0,10.761,mol_8,,,,,,,,
NC(=O)CCCc1ccc(CCc2cc(CC(N)=O)ccn2)cc1,False,Fail_hERG_HighRisk,False,Step3c+4a,8.729200943871868,8.729200943871868,0.7190473748235748,9.016819893801298,neutral,7.579100000000006,0.7337334259172947,True,0,325.412,1.7025999999999992,2,3,9,99.07,0.51,True,0.796,10.609,-10.0015,-6.7195,3.2821,,,,,,13,15,2.1676576908678467,0.0,-0.53,xtb_success,0.6914962497479641,0.7833333333333333,47,59,12,325.41,1.7,0.734,,,,,,,,,,,,,,,,,,,,,,,,,,,,
Cc1ccc(N(CCC(C)(C)C)Cc2ccc(CC(N)=O)cc2)cc1,False,Fail_hERG_HighRisk,False,Step3c+4a,8.756792236355345,8.756792236355345,0.6496660399166787,9.016658652322016,neutral,7.567000000000008,0.8096435493774401,True,0,338.49500000000006,4.465620000000003,1,2,7,46.33,0.5033333333333333,True,0.799,10.614,-9.1636,-6.2032,2.9604,,,,,,64,5,2.150295383333832,0.0,-0.533,xtb_success,0.5945229141666839,0.7783333333333333,29,60,31,338.5,4.47,0.81,,,,,,,,,,,,,,,,,,,,,,,,,,,,
COCc1cc(Cc2ccc(Cc3cc(OC)ccn3)cc2)cc(OC)c1,False,Fail_hERG_HighRisk,False,Step3c+4a,8.688833543650695,8.688833543650695,0.8166810890197483,9.015505979258595,physically_promoted,7.609400000000007,0.5937036406157253,True,0,363.4570000000001,4.426800000000004,0,4,8,40.58,0.533163512857836,True,0.787,10.589,-10.0632,-6.4183,3.6449,,,,,,43,13,2.1741827665717484,0.0,-0.347,xtb_success,0.7949015557424978,0.8674999999999999,141,61,-80,363.46,4.43,0.594,,,,,,,,,,,,,,,,,,,,,,,,,,,,
Cc1cccc(C(=O)N2CCN(C(=O)Nc3csc(=O)[nH]3)CC2)c1,False,Fail_hERG_HighRisk,False,Step3c+4a,8.712051382714145,8.712051382714145,0.7528069920021895,9.01317417951502,physically_promoted,7.528200000000006,0.8683596429683621,True,0,346.4120000000001,1.73472,2,4,2,85.51,0.7266666666666667,True,0.709,10.432,-10.1603,-6.6732,3.487,,,,,,2,1,2.5032843877004254,0.0,-0.546,xtb_success,0.7511528457174136,0.7566666666666666,76,62,-14,346.41,1.73,0.868,,,,,,,,,,,,,,,,,,,,,,,,,,,,
COc1ccc(C[C@H](OC)c2c(OC)cccc2OC)cc1OC,False,Fail_hERG_HighRisk,False,Step3c+4a,8.675730264616611,8.675730264616611,0.8386959480660341,9.011208643843023,physically_promoted,7.56160000000001,0.7382384734458449,True,0,332.3960000000001,3.651200000000003,0,5,8,46.15,0.7081396244062425,True,0.717,10.445,-9.9043,-6.1227,3.7816,,,,,,36,25,2.549889721063224,0.0,-0.343,xtb_success,0.830637068665763,0.8575,173,63,-110,332.4,3.65,0.738,,,,,,,,,,,,,,,,,,,,,,,,,,,,
NC(=O)CCc1ccc(CCc2nc(CC(N)=O)cs2)cc1,True,Pass,True,Step3c+4a+4b,8.718260668608977,8.718260668608977,0.7287202714595202,9.009748777192785,neutral,7.555600000000003,0.7689132732947446,True,0,317.414,1.3739999999999994,2,4,8,99.07,0.3666666666666666,False,0.853,10.716,-10.4532,-7.1074,3.3458,5.355,5.394,-6.227,-0.871,-1334.055219465169,52,13,2.204593828650776,0.0,-0.537,xtb_success,0.7103146735136003,0.7716666666666666,61,64,3,317.41,1.37,0.769,B3LYP/6-31G*,5.212,0.451,0.2138658531843338,False,0.0,1.0,4.2735,1.0585,6.58,5.418749999999999,6.58,False,0.0,1.0,False,1.0,1.0,10.716,mol_13,,,,,,,,
COCc1cc(Cc2cc(Cc3cccc(C)c3)ccn2)ccn1,False,Fail_hERG_HighRisk,False,Step3c+4a,8.717502090341078,8.717502090341078,0.7263908533827315,9.00805843169417,neutral,7.60320000000001,0.6857636016916552,True,0,318.42,4.113020000000003,0,3,6,35.01,0.553163512857836,True,0.779,10.566,-10.0827,-6.8648,3.2179,,,,,,92,68,2.2808055512427643,0.0,-0.341,xtb_success,0.672344076261045,0.8525,65,65,0,318.42,4.11,0.686,,,,,,,,,,,,,,,,,,,,,,,,,,,,
NC(=O)CN(CCc1ccc(CC2(O)CCCCC2)cc1)C1CCCCC1,False,Fail_hERG_HighRisk,False,Step3c+4a,8.686741146475152,8.686741146475152,0.8020547779836038,9.007563057668593,physically_promoted,7.564500000000009,0.732771390643335,True,0,372.55300000000017,3.586800000000002,2,3,8,66.56,0.6,True,0.76,10.528,-9.5395,-5.7992,3.7403,,,,,,52,5,2.441445488465241,0.0,-0.544,xtb_success,0.8200782542622913,0.76,148,66,-82,372.55,3.59,0.733,,,,,,,,,,,,,,,,,,,,,,,,,,,,
CC(C)S(=O)(=O)Cc1ccc(Cc2ccc(CS(=O)(=O)C(C)C)cc2)cc1,True,Pass,True,Step3c+4a+4b,8.685249303781365,8.685249303781365,0.8056282405147466,9.007500599987264,physically_promoted,7.568800000000002,0.6637363754606935,True,0,408.5850000000001,3.923800000000004,0,4,8,68.28,0.3091976758704815,False,0.876,10.76,-10.6119,-6.5292,4.0828,5.789,3.124,-6.663,-0.874,-1914.2499718384945,73,24,2.1541888394898336,0.0,-0.649,xtb_success,0.9001832007353523,0.585,153,67,-86,408.59,3.92,0.664,B3LYP/6-31G*,5.212,0.451,0.8629412397717487,False,0.0,1.0,4.2735,1.0585,6.58,5.418749999999999,6.58,False,0.0,1.0,False,1.0,1.0,10.76,mol_9,,,,,,,,
COCc1ccc(Cc2cc(CC(N)=O)cc(OC)c2)cc1-c1ccc(C)cc1,True,Pass,True,Step3c+4a+4b,8.672443029654502,8.672443029654502,0.8297824095218614,9.004355993463246,physically_promoted,7.586300000000008,0.619668912281152,True,0,389.4950000000001,4.435620000000004,1,3,8,61.55,0.42,False,0.832,10.668,-10.2732,-6.4029,3.8703,5.602,5.973,-6.084,-0.483,-1249.324987548914,72,12,2.236914264860811,0.0,-0.534,xtb_success,0.852546299316945,0.7766666666666666,185,68,-117,389.5,4.44,0.62,B3LYP/6-31G*,5.212,0.451,0.583270508684545,False,0.0,1.0,4.2735,1.0585,6.58,5.418749999999999,6.58,False,0.4772874054016902,0.5227125945983098,False,1.0,0.5227125945983098,5.576297959174768,,,,,,,,,
NC(=O)CCc1ccc(Cc2nc(CCC(N)=O)cs2)cc1,True,Pass,True,Step3c+4a,8.707038059179808,8.707038059179808,0.7361777504574095,9.001509159362772,physically_promoted,7.544000000000002,0.7726704365704022,True,0,317.414,1.5697,2,4,8,99.07,0.41,False,0.836,10.674,-10.5576,-7.1187,3.4389,,,,,,52,16,2.219605739320752,0.0,-0.56,xtb_success,0.737396786367728,0.7333333333333333,91,69,-22,317.41,1.57,0.773,,,,,,,,,,,,,,,,,,,,,,,,,,,,
COCCc1ccc(Cc2ccc(Cc3ccccn3)cc2)cc1,False,Fail_hERG_HighRisk,False,Step3c+4a,8.699887492366166,8.699887492366166,0.7535949785263929,9.001325483776723,physically_promoted,7.56700000000001,0.6419992381307027,True,0,317.432,4.452100000000003,0,2,7,22.12,0.6282484230955847,True,0.749,10.499,-9.9943,-6.6926,3.3016,,,,,,51,11,1.867940712982433,0.0,-0.354,xtb_success,0.6972785407519899,0.8849999999999999,108,70,-38,317.43,4.45,0.642,,,,,,,,,,,,,,,,,,,,,,,,,,,,
CC(C)S(=O)(=O)Cc1ccc(Cc2ccc(S(=O)(=O)C(C)C)cc2)cc1,True,Pass,True,Step3c+4a+4b,8.704427604497878,8.704427604497878,0.7420527858560437,9.001248718840296,physically_promoted,7.565300000000007,0.716543348646717,True,0,394.5580000000001,3.782700000000003,0,4,7,68.28,0.2558643425371482,False,0.898,10.797,-10.7036,-7.0044,3.6992,5.647,7.96,-6.635,-0.987,-1874.934432932852,73,31,2.191440698254869,0.0,-0.649,xtb_success,0.8093611226514912,0.585,98,71,-27,394.56,3.78,0.717,B3LYP/6-31G*,5.212,0.451,0.6505709519943,False,0.0,1.0,4.2735,1.0585,6.58,5.418749999999999,6.58,True,1.0,0.0,True,1.0,0.0,0.0,,,,,,,,,
COc1ccc(/C=C\COCC(N)=O)cc1-c1ccc(F)c(F)c1,False,Fail_hERG_HighRisk,False,Step3c+4a,8.727776713753123,8.727776713753123,0.6831429453713205,9.00103389190165,neutral,7.564100000000007,0.7918990009334,True,0,333.334,3.155500000000001,1,3,7,61.55,0.5,True,0.8,10.601,-10.2435,-7.1157,3.1277,,,,,,11,3,2.3227278671358285,0.0,-0.537,xtb_success,0.645204207673315,0.7716666666666666,51,72,21,333.33,3.16,0.792,,,,,,,,,,,,,,,,,,,,,,,,,,,,
COCc1ccc(Cc2ccc(Cc3ccccn3)cc2)cc1,False,Fail_hERG_HighRisk,False,Step3c+4a,8.699270131106182,8.699270131106182,0.7523850883045125,9.000224166427987,physically_promoted,7.598600000000007,0.6727136968814232,True,0,303.40500000000003,4.409600000000004,0,2,6,22.12,0.6049150897622514,True,0.758,10.516,-10.0006,-6.6977,3.303,,,,,,46,11,1.82097280464804,0.0,-0.352,xtb_success,0.6976929832921607,0.8799999999999999,110,73,-37,303.41,4.41,0.673,,,,,,,,,,,,,,,,,,,,,,,,,,,,
CC(C)(C)c1ccc(CCCc2nc(CC(N)=O)cs2)cc1,False,Fail_hERG_HighRisk,False,Step3c+4a,8.711811030653436,8.711811030653436,0.7206544159541862,9.000072797035111,neutral,7.491800000000003,0.8842216082509399,True,0,316.4699999999999,3.6437000000000017,1,3,6,55.98,0.59,True,0.764,10.528,-10.3598,-7.0555,3.3043,,,,,,64,6,2.1961069637441337,0.0,-0.536,xtb_success,0.6980777370774089,0.7733333333333333,77,74,-3,316.47,3.64,0.884,,,,,,,,,,,,,,,,,,,,,,,,,,,,
COCCCCCc1ccc(Cc2cc(COC)ccn2)cc1,False,Fail_hERG_HighRisk,False,Step3c+4a,8.697817766859806,8.697817766859806,0.7551170694584586,8.99986459464319,physically_promoted,7.603600000000008,0.6166945785266962,True,0,313.441,4.178000000000004,0,3,10,31.35,0.631581756428918,True,0.747,10.495,-10.0384,-6.7222,3.3162,,,,,,46,18,2.0556233550633856,0.0,-0.352,xtb_success,0.7015958135120838,0.8799999999999999,114,75,-39,313.44,4.18,0.617,,,,,,,,,,,,,,,,,,,,,,,,,,,,
NC(=O)CCc1ccc(Cc2ccc(-c3ccccn3)cc2)cc1,True,Pass,True,Step3c+4a+4b,8.744322145911422,8.744322145911422,0.6382372639894085,8.999617051507185,neutral,7.551800000000009,0.7525943704150915,True,0,316.404,3.7573000000000025,1,2,6,55.98,0.4366666666666666,False,0.825,10.65,-9.9836,-7.0653,2.9183,5.035,3.638,-5.998,-0.964,-997.01646166634,88,7,1.8119213754185903,0.0,-0.538,xtb_success,0.5817675199848694,0.77,36,76,40,316.4,3.76,0.753,B3LYP/6-31G*,5.212,0.451,-0.2647150770183694,False,0.0,1.0,4.2735,1.0585,6.58,5.418749999999999,6.58,False,0.0,1.0,False,1.0,1.0,10.65,mol_17,,,,,,,,
COCc1ccc(Cc2cc(Cc3cc(OC)ccn3)ccn2)cc1,False,Fail_hERG_HighRisk,False,Step3c+4a,8.701624447598764,8.701624447598764,0.7434254388189281,8.998994623126336,physically_promoted,7.593900000000008,0.6588733890081826,True,0,334.419,3.813200000000003,0,4,7,44.24,0.5398301795245026,True,0.784,10.567,-10.0518,-6.781,3.2707,,,,,,92,18,2.217122469053354,0.0,-0.349,xtb_success,0.6881077697413259,0.8724999999999999,104,77,-27,334.42,3.81,0.659,,,,,,,,,,,,,,,,,,,,,,,,,,,,
O=C(Cc1ccccc1C(=O)NC1CCOCC1)OCc1c(F)cccc1F,False,Fail_hERG_HighRisk,False,Step3c+4a,8.682301132668623,8.682301132668623,0.7885341002736188,8.997714772778071,physically_promoted,7.523000000000005,0.7712101204236138,True,0,389.398,3.159500000000002,1,4,6,64.63,0.5866666666666667,True,0.765,10.528,-10.7566,-7.1192,3.6375,,,,,,39,1,2.2630392754318933,0.0,-0.533,xtb_success,0.7929058575337413,0.7783333333333333,158,78,-80,389.4,3.16,0.771,,,,,,,,,,,,,,,,,,,,,,,,,,,,
COc1ccc(CN(CC(N)=O)c2ccccc2Cl)cc1F,False,Fail_hERG_HighRisk,False,Step3c+4a,8.716751304881711,8.716751304881711,0.7005139603730414,8.996956889030928,neutral,7.482400000000004,0.8892185296244719,True,0,322.76700000000005,2.9796000000000014,1,3,6,55.56,0.6833333333333333,True,0.727,10.45,-9.6668,-6.4638,3.203,,,,,,11,1,2.102579599305294,0.0,-0.534,xtb_success,0.667877086247202,0.7766666666666666,67,79,12,322.77,2.98,0.889,,,,,,,,,,,,,,,,,,,,,,,,,,,,
NC(=O)Cc1ccc(-c2ccc(Cc3ccccn3)c(CC(N)=O)c2)cc1,True,Pass,True,Step3c+4a+4b,8.714969557913435,8.714969557913435,0.7047380672853686,8.996864784827581,neutral,7.6014000000000035,0.677362430072587,True,0,359.42900000000014,2.3950000000000005,2,3,7,99.07,0.42,False,0.832,10.661,-10.2126,-6.944,3.2686,5.254,6.027,-6.075,-0.822,-1165.7073656152131,57,22,2.2511165712286303,0.0,-0.553,xtb_success,0.6874829532648123,0.745,71,80,9,359.43,2.4,0.677,B3LYP/6-31G*,5.212,0.451,0.0628137470891044,False,0.0,1.0,4.2735,1.0585,6.58,5.418749999999999,6.58,False,0.5237890200010432,0.4762109799989568,False,1.0,0.4762109799989568,5.076885257768878,,,,,,,,,
COCCc1cc(CCc2ccc(C(C)(C)C)cc2)ccn1,False,Fail_hERG_HighRisk,False,Step3c+4a,8.688954340681924,8.688954340681924,0.7691966665895223,8.996633007317733,physically_promoted,7.597200000000011,0.7903971848215374,True,0,297.442,4.353200000000004,0,2,6,22.12,0.6666666666666666,True,0.733,10.463,-9.9337,-6.5416,3.3921,,,,,,62,11,2.0667910991222413,0.0,-0.35,xtb_success,0.723852380842175,0.8749999999999999,140,81,-59,297.44,4.35,0.79,,,,,,,,,,,,,,,,,,,,,,,,,,,,
COc1ccc(CC2CCC(N3CCN(C(=O)c4ccccc4)CC3)CC2)cc1,False,Fail_hERG_HighRisk,False,Step3c+4a,8.768823953754378,8.768823953754378,0.5671994845052819,8.99570374755649,neutral,7.584900000000007,0.7624054347994099,True,0,392.5430000000002,4.254500000000004,0,3,5,32.78,0.88,True,0.648,10.292,-9.2833,-6.6761,2.6072,,,,,,15,5,1.9727876364533508,0.0,-0.55,xtb_success,0.488856406436117,0.75,22,82,60,392.54,4.25,0.762,,,,,,,,,,,,,,,,,,,,,,,,,,,,
NC(=O)Cc1ccnc(Cc2ccc(Cc3ccccn3)cc2)c1,True,Pass,True,Step3c+4a,8.711607015560046,8.711607015560046,0.707898506467679,8.994766418147119,neutral,7.549600000000002,0.7597360671922387,True,0,317.392,2.686000000000001,1,3,6,68.87,0.42,False,0.832,10.659,-10.01,-6.7861,3.2239,,,,,,57,25,2.165016100693314,0.0,-0.528,xtb_success,0.6741407235252558,0.7866666666666666,78,83,5,317.39,2.69,0.76,,,,,,,,,,,,,,,,,,,,,,,,,,,,
CNCc1ccc(C(=O)Nc2ccc3c(c2)CCCN3S(C)(=O)=O)cc1,False,Fail_hERG_HighRisk,False,Step3c+4a,8.790151664435417,8.790151664435417,0.5112770278614176,8.994662475579984,neutral,7.577500000000006,0.8434154438341528,True,0,373.478,2.3705000000000007,2,4,5,78.51,0.7386844851608603,True,0.705,10.404,-9.7527,-7.1696,2.5831,,,,,,34,1,2.090560574816662,0.0,-0.652,xtb_success,0.4818243255163109,0.58,9,84,75,373.48,2.37,0.843,,,,,,,,,,,,,,,,,,,,,,,,,,,,
NC(=O)Cc1ccnc(-c2ccc(CC(N)=O)cc2CC(F)(F)F)c1,True,Pass,True,Step3c+4a+4b,8.72512938164185,8.72512938164185,0.6697592088889981,8.993033065197448,neutral,7.567600000000004,0.8314161598402857,True,0,351.328,1.909,2,3,6,99.07,0.4166666666666667,False,0.833,10.66,-10.2647,-7.2167,3.048,5.586,2.087,-6.553,-0.967,-1271.6956390558994,7,14,2.581786982782978,0.0,-0.53,xtb_success,0.6210845841271403,0.7833333333333333,53,85,32,351.33,1.91,0.831,B3LYP/6-31G*,5.212,0.451,0.5593414621744098,False,0.0,1.0,4.2735,1.0585,6.58,5.418749999999999,6.58,False,0.0,1.0,False,1.0,1.0,10.66,mol_16,,,,,,,,
NC(=O)Cc1ccc(-c2ccc(-c3cc(CC(N)=O)ccn3)cc2)cc1,True,Pass,True,Step3c+4a+4b,8.745679970388647,8.745679970388647,0.6170349242452957,8.992493940086765,neutral,7.591400000000004,0.7176399343041158,True,0,345.402,2.4712000000000005,2,3,6,99.07,0.3266666666666666,False,0.869,10.731,-10.0275,-7.2214,2.8061,4.745,6.942,-6.003,-1.257,-1126.4017728336185,86,15,2.045399967634138,0.0,-0.533,xtb_success,0.5479070346361369,0.7783333333333333,35,86,51,345.4,2.47,0.718,B3LYP/6-31G*,5.212,0.451,-0.698429045014569,False,0.0,1.0,4.2735,1.0585,6.58,5.418749999999999,6.58,True,1.0,0.0,True,1.0,0.0,0.0,,,,,,,,,
Cc1ccc(-c2cc(CCS(C)(=O)=O)cc(CCS(C)(=O)=O)c2O)cc1,True,Pass,True,Step3c+4a+4b,8.6977160156783,8.6977160156783,0.7351658471745544,8.991782354548121,physically_promoted,7.555100000000006,0.776900258919649,True,0,396.53000000000014,2.5418200000000004,1,5,7,88.51,0.3549150897622513,False,0.858,10.708,-10.2277,-6.5496,3.6782,5.421,9.447,-6.179,-0.758,-1910.840604718731,31,12,2.45834113781531,0.0,-0.655,xtb_success,0.8038083531065063,0.575,115,87,-28,396.53,2.54,0.777,B3LYP/6-31G*,5.212,0.451,0.3125731700386411,False,0.0,1.0,4.2735,1.0585,6.58,5.418749999999999,6.58,True,1.0,0.0,True,1.0,0.0,0.0,,,,,,,,,
COCc1ccc(Cc2ccc(Cc3c(C)occc3=O)cc2)cc1,True,Pass,True,Step3c+4a+4b,8.715610914102967,8.715610914102967,0.689001289047521,8.991211429721975,neutral,7.603100000000008,0.6754316908258609,True,0,334.415,4.276220000000003,0,3,6,39.44,0.4049150897622513,False,0.838,10.667,-10.39,-7.2394,3.1507,5.17,4.604,-6.056,-0.886,-1077.2130050354651,25,9,2.252049313099718,0.0,-0.535,xtb_success,0.6521446986393159,0.775,69,88,19,334.42,4.28,0.675,B3LYP/6-31G*,5.212,0.451,-0.0628137470891044,False,0.0,1.0,4.2735,1.0585,6.58,5.418749999999999,6.58,False,0.0,1.0,False,1.0,1.0,10.667,mol_15,,,,,,,,
COCc1ccc(Cc2ccc(Cc3nc(OC)cs3)cc2)cc1,False,Fail_hERG_HighRisk,False,Step3c+4a,8.700237435966217,8.700237435966217,0.7247820755335491,8.990150266179636,physically_promoted,7.603900000000009,0.635861344818333,True,0,339.46,4.479700000000004,0,4,7,31.35,0.591581756428918,True,0.763,10.517,-10.2836,-7.1126,3.171,,,,,,35,28,2.2159323644295785,0.0,-0.352,xtb_success,0.6582601079050703,0.8799999999999999,107,89,-18,339.46,4.48,0.636,,,,,,,,,,,,,,,,,,,,,,,,,,,,
NC(=O)Cc1ccc(C(=O)N2CCN(Cc3csc(=O)[nH]3)CC2)cc1,False,Fail_hERG_HighRisk,False,Step3c+4a,8.719194018137319,8.719194018137319,0.6714055532695088,8.987756239445122,neutral,7.560100000000003,0.8071796052867762,True,0,360.4390000000001,0.4222000000000004,2,5,5,99.5,0.6133333333333333,True,0.755,10.497,-9.7417,-6.6482,3.0935,,,,,,2,2,2.444957845060717,0.0,-0.546,xtb_success,0.6348650760992983,0.7566666666666666,60,90,30,360.44,0.42,0.807,,,,,,,,,,,,,,,,,,,,,,,,,,,,
CCCCN(CC)CCN1CCN(c2ccc(F)cc2)CC1,False,Fail_hERG_HighRisk,False,Step3c+4a,8.718040816418808,8.718040816418808,0.6686767346984472,8.985511510298187,neutral,7.577400000000009,0.7306476071744827,True,0,307.45700000000005,3.069700000000002,0,3,8,9.72,0.9033333333333332,True,0.639,10.263,-9.3021,-6.2085,3.0936,,,,,,53,4,1.9370750055384047,0.0,-0.299,xtb_success,0.6348953352834961,0.7474999999999999,62,91,29,307.46,3.07,0.731,,,,,,,,,,,,,,,,,,,,,,,,,,,,
NC(=O)CCCc1csc(CCc2ccc(CCC(N)=O)cc2)n1,True,Pass,True,Step3c+4a,8.682658735334257,8.682658735334257,0.7553981688617604,8.984818002878962,physically_promoted,7.564400000000004,0.689920275810404,True,0,345.4680000000001,2.1541999999999994,2,4,10,99.07,0.44,False,0.824,10.633,-10.4287,-6.9613,3.4674,,,,,,52,9,2.267014025709475,0.0,-0.533,xtb_success,0.7455688126596577,0.7783333333333333,157,92,-65,345.47,2.15,0.69,,,,,,,,,,,,,,,,,,,,,,,,,,,,
NC(=O)CCc1ccc(CCN(CC(N)=O)CC2CCCCC2)cc1,False,Fail_hERG_HighRisk,False,Step3c+4a,8.67050380847654,8.67050380847654,0.7824309973825379,8.983476207429554,physically_promoted,7.551900000000006,0.6796242347192738,True,0,345.48700000000014,2.0146,2,3,10,89.42,0.561345995045417,True,0.775,10.534,-9.5879,-5.9614,3.6264,,,,,,52,7,2.212083088831029,0.0,-0.541,xtb_success,0.7899014248321972,0.765,193,93,-100,345.49,2.01,0.68,,,,,,,,,,,,,,,,,,,,,,,,,,,,
O=C(Nc1cc(F)ccc1Cl)c1ccc(-c2cncnc2)cc1,False,Fail_hERG_HighRisk,False,Step3c+4a,8.762573597925616,8.762573597925616,0.5497140360553665,8.982459212347763,neutral,7.558400000000007,0.7844706749215086,True,0,327.746,4.188400000000002,1,3,3,54.88,0.5033469863772481,True,0.799,10.58,-10.2484,-7.8998,2.3486,,,,,,77,1,1.880617395351457,0.0,-0.482,xtb_success,0.4153057657933808,0.8633333333333334,25,94,69,327.75,4.19,0.784,,,,,,,,,,,,,,,,,,,,,,,,,,,,
COCc1ccc(Cc2ccc(-c3ccccn3)cc2OC)cc1,False,Fail_hERG_HighRisk,False,Step3c+4a,8.712807111519362,8.712807111519362,0.6736538659695082,8.982268657907166,neutral,7.567200000000009,0.6704121399149667,True,0,319.4040000000001,4.494400000000003,0,3,6,31.35,0.7133333333333334,True,0.715,10.412,-10.0211,-7.0914,2.9297,,,,,,59,6,1.8952791776163915,0.0,-0.352,xtb_success,0.5852198085278688,0.8799999999999999,73,95,22,319.4,4.49,0.67,,,,,,,,,,,,,,,,,,,,,,,,,,,,
COCCc1cc(Cc2ccc(Cc3cc(OC)ccn3)cc2)ccn1,False,Fail_hERG_HighRisk,False,Step3c+4a,8.678528731747289,8.678528731747289,0.7560209187593019,8.98093709925101,physically_promoted,7.594300000000007,0.6200479362860805,True,0,348.446,3.8557000000000032,0,4,8,44.24,0.6282484230955847,True,0.749,10.478,-9.955,-6.6126,3.3424,,,,,,43,22,2.257952363957587,0.0,-0.346,xtb_success,0.7093155982275743,0.8649999999999999,163,96,-67,348.45,3.86,0.62,,,,,,,,,,,,,,,,,,,,,,,,,,,,
C#COc1ccc(-c2ccc(CCC)cc2)c([C@@H]2CCS(=O)(=O)C2)c1,False,Fail_hERG_HighRisk,False,Step3c+4a,8.680837259427008,8.680837259427008,0.7493596735182912,8.980581128834325,physically_promoted,7.614100000000011,0.7567738959828381,True,0,354.47100000000006,4.177700000000002,0,3,5,43.37,0.6206139359698681,True,0.752,10.484,-10.2551,-6.5324,3.7227,,,,,,27,5,3.1164968856442137,0.0,-0.643,xtb_success,0.8155138193118447,0.595,160,97,-63,354.47,4.18,0.757,,,,,,,,,,,,,,,,,,,,,,,,,,,,
CCCc1cc(-c2ccc(-c3cc(CC(N)=O)ccn3)cc2)ccn1,True,Pass,True,Step3c+4a,8.753191275411405,8.753191275411405,0.5684452060495341,8.980569357831218,neutral,7.598500000000005,0.7469085672888974,True,0,331.419,3.7909000000000015,1,3,6,68.87,0.37,False,0.852,10.685,-9.93,-7.3682,2.5618,,,,,,27,15,2.187630082330488,0.0,-0.529,xtb_success,0.4756360086421916,0.785,31,98,67,331.42,3.79,0.747,,,,,,,,,,,,,,,,,,,,,,,,,,,,
COc1ccc(Cc2cc(C(CC(N)=O)CC(N)=O)ccn2)cc1F,False,Fail_hERG_HighRisk,False,Step3c+4a,8.693762992446029,8.693762992446029,0.7169226373686441,8.980532047393487,physically_promoted,7.5652000000000035,0.7580817839668424,True,0,345.374,1.6545,2,4,8,108.3,0.55,True,0.78,10.541,-10.0466,-6.7651,3.2815,,,,,,68,3,2.504778995373968,0.0,-0.534,xtb_success,0.6913180533837774,0.7766666666666666,130,99,-31,345.37,1.65,0.758,,,,,,,,,,,,,,,,,,,,,,,,,,,,
Cc1ccc(-c2nc(C[C@H](O)CC(=O)OC(C)C)cs2)cc1,True,Pass,True,Step3c+4a+4b,8.723078052837092,8.723078052837092,0.6331075041870857,8.976321054511926,neutral,7.579200000000011,0.8294574648690655,True,0,319.426,3.363620000000002,1,5,6,59.42,0.4271027287319422,False,0.829,10.635,-10.3879,-7.6124,2.7755,4.531,1.629,-5.71,-1.179,-1339.0693787179107,31,3,2.707847865684931,0.0,-0.488,xtb_success,0.538725005981551,0.8533333333333334,54,100,46,319.43,3.36,0.829,B3LYP/6-31G*,5.212,0.451,-1.0184800420876272,False,0.0,1.0,4.2735,1.0585,6.58,5.418749999999999,6.58,False,0.0,1.0,False,1.0,1.0,10.635,mol_21,,,,,,,,
NC(=O)CCc1ccc(CCc2nc(CCC(N)=O)cs2)cc1,True,Pass,True,Step3c+4a,8.671443360406446,8.671443360406446,0.7592444060168675,8.975141122813193,physically_promoted,7.529600000000004,0.7321240008514395,True,0,331.441,1.7640999999999991,2,4,9,99.07,0.36,False,0.856,10.687,-10.4007,-6.9115,3.4892,,,,,,52,15,2.24218640019277,0.0,-0.534,xtb_success,0.7517777228812393,0.7766666666666666,190,101,-89,331.44,1.76,0.732,,,,,,,,,,,,,,,,,,,,,,,,,,,,
COCc1ccc(Cc2cc(Cc3ccc(OC)cc3)ccn2)cc1,False,Fail_hERG_HighRisk,False,Step3c+4a,8.671282827544786,8.671282827544786,0.7587210487923933,8.974771247061744,physically_promoted,7.546000000000005,0.6413053438422793,True,0,333.431,4.418200000000003,0,3,7,31.35,0.5564968461911693,True,0.777,10.53,-9.9649,-6.6276,3.3373,,,,,,42,9,1.9536984437635765,0.0,-0.351,xtb_success,0.7078157839891334,0.8775,191,102,-89,333.43,4.42,0.641,,,,,,,,,,,,,,,,,,,,,,,,,,,,
COCCc1ccc(C(=O)N2CCC(CCN(C)CCOC)CC2)cc1,False,Fail_hERG_HighRisk,False,Step3c+4a,8.70622644853502,8.70622644853502,0.6701550802012809,8.974288480615533,neutral,7.602400000000005,0.6417600007839686,True,0,362.5140000000002,2.6960000000000006,0,4,10,42.01,0.79,True,0.684,10.342,-9.5076,-6.4082,3.0994,,,,,,14,6,2.170535518569689,0.0,-0.551,xtb_success,0.6366501145732585,0.7483333333333333,93,103,10,362.51,2.7,0.642,,,,,,,,,,,,,,,,,,,,,,,,,,,,
COCCN(C)C(=O)Nc1cc(C(=O)c2cc(Cl)ccc2C)ccc1F,False,Fail_hERG_HighRisk,False,Step3c+4a,8.760867593452247,8.760867593452247,0.5280897635810387,8.972103498884662,neutral,7.5902000000000065,0.7687599797051226,True,0,378.8310000000001,4.128620000000003,1,3,6,58.64,0.6574378992193044,True,0.737,10.446,-10.4481,-8.0281,2.4199,,,,,,14,1,2.137123964003207,0.0,-0.553,xtb_success,0.4351282336871981,0.745,26,104,78,378.83,4.13,0.769,,,,,,,,,,,,,,,,,,,,,,,,,,,,
C[C@](O)(Cc1ccc(-c2ccc(CC(N)=O)cc2)cc1)C(=O)[O-],True,Pass,True,Step3c+4a,8.712683051649641,8.712683051649641,0.6467380792906305,8.971378283365894,neutral,7.604900000000003,0.8066277929372067,True,0,312.345,0.4248000000000002,2,4,6,103.45,0.3033333333333333,False,0.879,10.729,-9.7717,-6.8251,2.9466,,,,,,96,40,2.8387944922448405,0.0,-0.533,xtb_success,0.5903401132723295,0.7783333333333333,74,105,31,312.35,0.42,0.807,,,,,,,,,,,,,,,,,,,,,,,,,,,,
NC(=O)Cc1ccc(CCc2ccc(-c3cc(CC(N)=O)ccn3)cc2)cc1,True,Pass,True,Step3c+4a,8.710450905422604,8.710450905422604,0.6515947927619476,8.971088822527383,neutral,7.605100000000004,0.6346720120854259,True,0,373.456,2.5894000000000004,2,3,8,99.07,0.3666666666666666,False,0.853,10.678,-10.0207,-7.0465,2.9742,,,,,,13,14,2.119851006201124,0.0,-0.535,xtb_success,0.5987068468027825,0.775,83,106,23,373.46,2.59,0.635,,,,,,,,,,,,,,,,,,,,,,,,,,,,
NC(=O)Cc1ccnc(-c2ccc(C(F)F)c(CC(F)(F)F)c2)c1,True,Pass,True,Step3c+4a,8.736006384213404,8.736006384213404,0.5837050456363653,8.96948840246795,neutral,7.586100000000007,0.8386049860295285,True,0,344.283,3.818800000000002,1,2,5,55.98,0.3933333333333333,False,0.843,10.655,-10.1549,-7.5233,2.6316,,,,,,7,12,2.693961088013687,0.0,-0.527,xtb_success,0.4960072080519505,0.7883333333333333,41,107,66,344.28,3.82,0.839,,,,,,,,,,,,,,,,,,,,,,,,,,,,
CCCC(=O)N1CCN(C(=O)c2ccc(Nc3nc4c(c(=O)[nH]3)CCC4)cc2)CC1,False,Fail_hERG_HighRisk,False,Step3c+4a,8.710102555610632,8.710102555610632,0.6483358772622124,8.969436906515517,neutral,7.562600000000006,0.7879599535470686,True,0,409.4900000000003,2.0867,2,5,5,98.4,0.5982484230955847,True,0.761,10.491,-10.1516,-7.1268,3.0248,,,,,,2,0,2.4647742116290665,0.0,-0.563,xtb_success,0.6140512532317319,0.7283333333333335,85,108,23,409.49,2.09,0.788,,,,,,,,,,,,,,,,,,,,,,,,,,,,
O=C(NCc1ccccc1)[C@H]1CCCN(C2CCCCC2)C1,False,Fail_hERG_HighRisk,False,Step3c+4a,8.684546408137535,8.684546408137535,0.7115631578761732,8.969171671288004,physically_promoted,7.5239000000000065,0.9246298413050994,True,0,300.4460000000001,3.347500000000002,1,2,4,32.34,0.7036714374611076,True,0.719,10.406,-9.4002,-6.1564,3.2438,,,,,,81,2,2.2804756588753463,0.0,-0.529,xtb_success,0.6800902255373903,0.785,155,109,-46,300.45,3.35,0.925,,,,,,,,,,,,,,,,,,,,,,,,,,,,
COCc1ccc(Cc2ccc(Cc3cc(CCCC(N)=O)ccn3)cc2)cc1,False,Fail_hERG_HighRisk,False,Step3c+4a,8.677229548202806,8.677229548202806,0.7295487686758959,8.969049055673164,physically_promoted,7.612400000000004,0.565527794995562,True,0,388.511,4.217600000000003,1,3,10,65.21,0.5166666666666667,True,0.793,10.556,-9.9709,-6.6163,3.3547,,,,,,42,10,2.179343492949796,0.0,-0.539,xtb_success,0.712926812394137,0.7683333333333333,170,110,-60,388.51,4.22,0.566,,,,,,,,,,,,,,,,,,,,,,,,,,,,
O=C(c1ccc(CCC2(O)CCCCC2)o1)N1CCn2cnnc2C1,False,Fail_hERG_HighRisk,False,Step3c+4a,8.690310532037412,8.690310532037412,0.6899444614912127,8.966288316633896,neutral,7.518700000000003,0.9185982659992904,True,0,344.415,2.1549000000000005,1,6,4,84.39,0.5649150897622514,True,0.774,10.514,-10.3896,-7.2368,3.1528,,,,,,36,3,2.8768860096223747,0.0,-0.534,xtb_success,0.6527778021303039,0.7766666666666666,136,111,-25,344.42,2.15,0.919,,,,,,,,,,,,,,,,,,,,,,,,,,,,
Cc1ccccc1-c1cnc(C(=O)NC[C@H]2CCCCO2)cn1,False,Fail_hERG_HighRisk,False,Step3c+4a,8.782092875642965,8.782092875642965,0.459499228385516,8.965892566997171,physically_filtered,7.58620000000001,0.9427513635677176,True,0,311.385,2.7509200000000007,1,4,4,64.11,0.6603381041277743,True,0.736,10.438,-10.032,-8.069,1.963,,,,,,0,2,2.6074878496337206,0.0,-0.523,xtb_success,0.3157131834078801,0.795,18,112,94,311.38,2.75,0.943,,,,,,,,,,,,,,,,,,,,,,,,,,,,
COCc1cc(Cc2ccc(-c3ccccn3)c(OC)c2)ccn1,False,Fail_hERG_HighRisk,False,Step3c+4a,8.69855863543247,8.69855863543247,0.667987833312346,8.965753768757407,neutral,7.570400000000009,0.6909946888057834,True,0,320.39200000000005,3.889400000000003,0,4,6,44.24,0.69,True,0.724,10.414,-10.0637,-7.1395,2.9242,,,,,,65,10,2.1733870897043026,0.0,-0.346,xtb_success,0.5835540475890658,0.8649999999999999,113,113,0,320.39,3.89,0.691,,,,,,,,,,,,,,,,,,,,,,,,,,,,
NC(=O)Cc1ccnc(-c2ccc(CC(N)=O)cc2C(F)F)c1,True,Pass,True,Step3c+4a,8.698667940794682,8.698667940794682,0.664479730746125,8.964459833093132,neutral,7.528200000000002,0.8480016276579213,True,0,319.3109999999999,1.7417999999999996,2,3,6,99.07,0.42,False,0.832,10.628,-10.2943,-7.2806,3.0137,,,,,,7,13,2.534379333413396,0.0,-0.526,xtb_success,0.6106853296373215,0.79,112,114,2,319.31,1.74,0.848,,,,,,,,,,,,,,,,,,,,,,,,,,,,
COCc1cc(Cc2ccc(Cc3ccccn3)c(OC)c2)ccn1,False,Fail_hERG_HighRisk,False,Step3c+4a,8.674462993436485,8.674462993436485,0.7230268877294075,8.963673748528247,physically_promoted,7.572200000000005,0.6588733890081826,True,0,334.41900000000004,3.813200000000002,0,4,7,44.24,0.6933333333333334,True,0.723,10.409,-9.965,-6.7774,3.1876,,,,,,55,9,2.271737010676116,0.0,-0.345,xtb_success,0.6632526967562965,0.8624999999999999,179,115,-64,334.42,3.81,0.659,,,,,,,,,,,,,,,,,,,,,,,,,,,,
COc1cc(Cc2ccc(-c3cc(CCC(N)=O)ccn3)cc2)ccn1,True,Pass,True,Step3c+4a+4b,8.704979561044716,8.704979561044716,0.6465567296158032,8.963602252891038,neutral,7.5704000000000065,0.711971789212923,True,0,347.41799999999995,3.1609000000000007,1,4,7,78.1,0.4566666666666666,False,0.817,10.598,-9.9373,-7.0057,2.9316,5.076,3.866,-6.066,-0.989,-1127.5868603657616,2,8,2.2140633356175066,0.0,-0.527,xtb_success,0.5857953280225761,0.7883333333333333,95,116,21,347.42,3.16,0.712,B3LYP/6-31G*,5.212,0.451,-0.2033968953361489,False,0.0,1.0,4.2735,1.0585,6.58,5.418749999999999,6.58,False,0.0,1.0,False,1.0,1.0,10.598,mol_23,,,,,,,,
NC(=O)Cc1cc(Cc2ccccn2)ccc1Cc1ccccn1,True,Pass,True,Step3c+4a,8.696173784790819,8.696173784790819,0.6685451743831996,8.963591854544099,neutral,7.546800000000006,0.7597360671922387,True,0,317.392,2.686000000000001,1,3,6,68.87,0.4666666666666667,False,0.813,10.59,-9.9942,-6.9142,3.08,,,,,,81,46,2.291348408385624,0.0,-0.546,xtb_success,0.6307788205474282,0.7566666666666666,122,117,-5,317.39,2.69,0.76,,,,,,,,,,,,,,,,,,,,,,,,,,,,
COc1ccc(Cc2ccc(Cc3nc(OC)cs3)cc2)cc1,False,Fail_hERG_HighRisk,False,Step3c+4a,8.696559734779528,8.696559734779528,0.6658588293635094,8.962903266524933,neutral,7.569900000000007,0.6753284574488733,True,0,325.433,4.341900000000003,0,4,6,31.35,0.6382484230955847,True,0.745,10.452,-10.1427,-7.1012,3.0414,,,,,,50,24,2.11004493944915,0.0,-0.31,xtb_success,0.6190840419478707,0.7749999999999999,120,118,-2,325.43,4.34,0.675,,,,,,,,,,,,,,,,,,,,,,,,,,,,
CN1CC[C@@H](OCCc2ccnc(Cc3ccc(C(C)(C)C)cc3)c2)C1=O,False,Fail_hERG_HighRisk,False,Step3c+4a,8.670299477896911,8.670299477896911,0.7310461663912844,8.962717944453425,physically_promoted,7.579100000000004,0.7816889323857749,True,0,366.5050000000001,3.759700000000003,0,3,6,42.43,0.7633333333333333,True,0.695,10.352,-9.9636,-6.6017,3.362,,,,,,68,5,2.9964498829598085,0.0,-0.539,xtb_success,0.7150659519875491,0.7683333333333333,194,119,-75,366.51,3.76,0.782,,,,,,,,,,,,,,,,,,,,,,,,,,,,
C#CCc1ccc(-c2ccnc(CC(N)=O)c2CC(N)=O)cc1,True,Pass,True,Step3c+4a+4b,8.66950807982612,8.66950807982612,0.72912990803519,8.961160043040195,physically_promoted,7.585200000000007,0.778073679625732,True,0,307.35299999999995,0.9798999999999998,2,3,6,99.07,0.3066666666666666,False,0.877,10.716,-10.1582,-6.8177,3.3405,5.333,5.427,-6.361,-1.028,-1010.797786197556,77,13,2.732456840281525,0.0,-0.534,xtb_success,0.7087570114788428,0.7766666666666666,196,120,-76,307.35,0.98,0.778,B3LYP/6-31G*,5.212,0.451,0.1809634142328977,False,0.0,1.0,4.2735,1.0585,6.58,5.418749999999999,6.58,False,0.007104413341568,0.992895586658432,False,1.0,0.992895586658432,10.639869106631757,mol_20,,,,,,,,
COc1ccnc(Cc2ccnc(Cc3ccnc(OC)c3)c2)c1,True,Pass,True,Step3c+4a+4b,8.675488148679314,8.675488148679314,0.7115396913434441,8.960104025216692,physically_promoted,7.567300000000006,0.6981761328818961,True,0,321.38000000000005,3.070400000000001,0,5,6,57.13,0.4898301795245027,False,0.804,10.568,-10.1334,-6.8394,3.2941,5.317,4.16,-6.147,-0.83,-1050.1351304074394,78,32,2.4089991776163906,0.0,-0.3,xtb_success,0.6950567019192059,0.7499999999999999,176,121,-55,321.38,3.07,0.698,B3LYP/6-31G*,5.212,0.451,0.1570343677227625,False,0.0,1.0,4.2735,1.0585,6.58,5.418749999999999,6.58,False,0.0,1.0,False,1.0,1.0,10.568,mol_25,,,,,,,,
NC(=O)Cc1cc(CC(F)F)ccc1-c1cc(C(F)F)ccn1,True,Pass,True,Step3c+4a+4b,8.702697556233161,8.702697556233161,0.6428624748153782,8.959842546159313,neutral,7.565800000000008,0.8258621879401952,True,0,326.293,3.521600000000002,1,2,6,55.98,0.3966666666666666,False,0.841,10.643,-10.5358,-7.5839,2.9519,4.831,3.57,-6.471,-1.64,-1202.2152732409563,7,11,2.7603353773694383,0.0,-0.543,xtb_success,0.5919463925933974,0.7616666666666666,103,122,19,326.29,3.52,0.826,B3LYP/6-31G*,5.212,0.451,-0.5698104200225922,False,0.0,1.0,4.2735,1.0585,6.58,5.418749999999999,6.58,False,0.0,1.0,False,1.0,1.0,10.643,mol_19,,,,,,,,
CCCc1ccc([C@@H]2CCS(=O)(=O)C2)cc1-c1ccncc1,False,Fail_hERG_HighRisk,False,Step3c+4a,8.70481263682827,8.70481263682827,0.6365959410176187,8.959451013235318,neutral,7.562200000000007,0.8657692043680533,True,0,315.438,3.603200000000003,0,3,4,47.03,0.5349150897622513,True,0.786,10.532,-10.0747,-6.9117,3.163,,,,,,77,6,2.8611824720621595,0.0,-0.645,xtb_success,0.655851344310884,0.5916666666666667,96,123,27,315.44,3.6,0.866,,,,,,,,,,,,,,,,,,,,,,,,,,,,
CO[C@H](C)CNC(=O)c1ccc(-c2cc(S(C)(=O)=O)[nH]n2)cc1,True,Pass,True,Step3c+4a+4b,8.69046611282807,8.69046611282807,0.6721459269220774,8.9593244835969,neutral,7.5751000000000035,0.8258282669622403,True,0,337.40100000000007,1.2448999999999997,2,5,6,101.15,0.3643702290076335,False,0.854,10.668,-10.6973,-7.3737,3.3236,4.994,5.169,-6.35,-1.356,-1446.2678289264825,34,0,2.9754802065305537,0.0,-0.641,xtb_success,0.7037798956029677,0.5983333333333334,135,124,-11,337.4,1.24,0.826,B3LYP/6-31G*,5.212,0.451,-0.3260332587005913,False,0.0,1.0,4.2735,1.0585,6.58,5.418749999999999,6.58,False,0.0,1.0,False,1.0,1.0,10.668,mol_14,,,,,,,,
NC(=O)Cc1csc(CCc2ccc(Cc3ccccn3)cc2)n1,False,Fail_hERG_HighRisk,False,Step3c+4a,8.697538510698593,8.697538510698593,0.6517197563281504,8.958226413229852,neutral,7.560600000000004,0.7205171206567192,True,0,337.448,2.9419000000000013,1,4,7,68.87,0.5033333333333333,True,0.799,10.556,-10.0231,-7.0436,2.9795,,,,,,57,24,2.2332004962977106,0.0,-0.537,xtb_success,0.6003139376116434,0.7716666666666666,116,125,9,337.45,2.94,0.721,,,,,,,,,,,,,,,,,,,,,,,,,,,,
COc1ccc(CCCNC(=O)c2c[nH]c3cccc(F)c23)cc1,False,Fail_hERG_HighRisk,False,Step3c+4a,8.67568555545376,8.67568555545376,0.6988167564029842,8.955212258014955,neutral,7.537200000000007,0.6790463004680503,True,0,326.37100000000004,3.678200000000002,2,2,6,54.12,0.7433333333333333,True,0.703,10.361,-10.1369,-6.8872,3.2498,,,,,,27,2,2.0103759478027268,0.0,-0.557,xtb_success,0.6818810805756919,0.7383333333333333,174,126,-48,326.37,3.68,0.679,,,,,,,,,,,,,,,,,,,,,,,,,,,,
COCc1ccc(Cc2cc(OC)cc(-c3cc(OC)ccn3)c2)cc1,False,Fail_hERG_HighRisk,False,Step3c+4a,8.672029273079053,8.672029273079053,0.7065751683149568,8.954659340405035,physically_promoted,7.567300000000008,0.6294797055892906,True,0,349.43,4.503000000000004,0,4,7,40.58,0.5682484230955847,True,0.773,10.5,-10.1086,-7.0202,3.0884,,,,,,50,8,2.070105797155969,0.0030000000000036,-0.351,xtb_success,0.6333216690213669,0.8775,189,127,-62,349.43,4.5,0.629,,,,,,,,,,,,,,,,,,,,,,,,,,,,
CCN(CCS(C)(=O)=O)Cc1ccc(-c2nccn2C)cc1,False,Fail_hERG_HighRisk,False,Step3c+4a,8.710698600122834,8.710698600122834,0.6097987410988996,8.954618096562394,neutral,7.552000000000005,0.7820569284295423,True,0,321.446,1.9536,0,5,7,55.2,0.6349150897622513,True,0.746,10.447,-9.5903,-6.5374,3.0529,,,,,,34,7,2.3232986409194183,0.0,-0.652,xtb_success,0.6225696301412853,0.58,81,128,47,321.45,1.95,0.782,,,,,,,,,,,,,,,,,,,,,,,,,,,,
NC(=O)CCCc1ccnc(CCc2ccnc(CC(N)=O)c2)c1,True,Pass,True,Step3c+4a+4b,8.671189888545332,8.671189888545332,0.7005989164448144,8.951429455123257,physically_promoted,7.557100000000004,0.7181441659429577,True,0,326.40000000000003,1.0975999999999997,2,4,9,111.96,0.46,False,0.816,10.583,-10.03,-6.8123,3.2177,5.597,5.762,-6.367,-0.77,-1068.6435866434667,13,17,2.449821944261512,0.0,-0.54,xtb_success,0.672284166349735,0.7666666666666666,192,129,-63,326.4,1.1,0.718,B3LYP/6-31G*,5.212,0.451,0.5757926816501279,False,0.0,1.0,4.2735,1.0585,6.58,5.418749999999999,6.58,False,0.2955866520597747,0.7044133479402253,False,1.0,0.7044133479402253,7.454806461251404,,,,,,,,,
CCCN(CCC)c1nc(OC)c(-c2cc(OC)cc(OC)c2O)s1,True,Pass,True,Step3c+4a+4b,8.704240883903786,8.704240883903786,0.6177166951903844,8.951327561979939,neutral,7.62010000000001,0.7185756270830155,True,0,366.48300000000006,4.167900000000004,1,7,9,64.05,0.4866666666666667,False,0.805,10.562,-9.2603,-6.6947,2.5656,4.564,4.272,-4.705,-0.142,-1510.0855618372725,33,13,2.751469296377312,0.0,-0.432,xtb_success,0.4767381359862634,0.9466666666666668,99,130,31,366.48,4.17,0.719,B3LYP/6-31G*,5.212,0.451,-0.969126383660473,False,0.0,1.0,4.2735,1.0585,6.58,5.418749999999999,6.58,False,0.0,1.0,False,1.0,1.0,10.562,mol_26,,,,,,,,
CCn1c(C)cc(Cc2cc(Cl)c(OC)c([C@@H](C)O)c2)c1C,False,Fail_hERG_HighRisk,False,Step3c+4a,8.691052331274559,8.691052331274559,0.6390206794244468,8.946660603044338,neutral,7.550600000000005,0.8835816561233952,True,0,321.84800000000007,4.430940000000003,1,3,5,34.39,0.5266666666666666,True,0.789,10.525,-9.2884,-6.4444,2.844,,,,,,40,3,3.013384967871435,0.0,-0.505,xtb_success,0.5593152563206384,0.8250000000000001,134,131,-3,321.85,4.43,0.884,,,,,,,,,,,,,,,,,,,,,,,,,,,,
COCc1ccc(C(=O)c2ccc(N3CCCCC3)nc2)cc1,False,Fail_hERG_HighRisk,False,Step3c+4a,8.72845997183094,8.72845997183094,0.5224268798178767,8.93743072375809,neutral,7.542900000000011,0.7933654248920186,True,0,310.39699999999993,3.4493000000000027,0,4,5,42.43,0.6170047707944409,True,0.753,10.444,-9.9685,-7.7484,2.2201,,,,,,96,2,1.928482597313673,0.0,-0.488,xtb_success,0.3806098283112525,0.8533333333333334,50,132,82,310.4,3.45,0.793,,,,,,,,,,,,,,,,,,,,,,,,,,,,
O=C(NCc1ccccc1)[C@H]1CCCN(C(=O)C(=O)N2CCN(C3CCCCC3)CC2)C1,False,Fail_hERG_HighRisk,False,Step3c+4a,8.688588549166424,8.688588549166424,0.6204087121669091,8.936752034033187,neutral,7.597600000000008,0.7273904580182221,True,0,440.5880000000004,2.0183,1,4,4,72.96,0.7336714374611076,True,0.707,10.35,-9.5589,-6.7534,2.8055,,,,,,52,1,2.727066798426957,0.0,-0.526,xtb_success,0.5477267316670129,0.79,143,133,-10,440.59,2.02,0.727,,,,,,,,,,,,,,,,,,,,,,,,,,,,
CCCc1cc(CCC)c(O)c(-c2nc(OC)c(OC)s2)c1,True,Pass,True,Step3c+4a+4b,8.705054299637421,8.705054299637421,0.5731752424990619,8.934324396637045,neutral,7.584400000000009,0.8189624762607222,True,0,321.442,4.437900000000004,1,5,7,51.58,0.3533333333333333,False,0.859,10.652,-9.8648,-7.582,2.2829,4.172,1.361,-5.103,-0.932,-1340.2204390798922,33,16,2.8882693849295062,0.0,-0.41,xtb_success,0.3973932035700885,0.9833333333333336,94,134,40,321.44,4.44,0.819,B3LYP/6-31G*,5.212,0.451,-1.5553880231587844,False,0.0276940115793922,0.9723059884206078,4.2735,1.0585,6.58,5.418749999999999,6.58,False,0.0,1.0,False,1.0,0.9723059884206078,10.357003388656311,mol_29,,,,,,,,
COc1ccc(Cc2nc(-c3ccc(OC)cc3)cs2)cc1,False,Fail_hERG_HighRisk,False,Step3c+4a,8.676481604967789,8.676481604967789,0.6373146328573257,8.93140745811072,neutral,7.518700000000007,0.6988112813275589,True,0,311.406,4.418100000000004,0,4,5,31.35,0.5582484230955846,True,0.777,10.485,-10.0342,-7.1061,2.9281,,,,,,50,39,1.7696122994944474,0.0,-0.304,xtb_success,0.5847351897961797,0.7599999999999999,171,135,-36,311.41,4.42,0.699,,,,,,,,,,,,,,,,,,,,,,,,,,,,
COc1cc(CC(N)=O)cc(Cc2scc(C=O)c2C(C)(C)C)c1,True,Pass,True,Step3c+4a+4b,8.715686986310097,8.715686986310097,0.5389434878778172,8.931264381461224,neutral,7.593200000000007,0.814929409157827,True,0,345.46400000000017,3.4853000000000023,1,4,6,69.39,0.36,False,0.856,10.643,-10.354,-7.9323,2.4217,4.736,4.321,-6.087,-1.351,-1416.4375549975662,19,5,2.8497771826882428,0.0,-0.532,xtb_success,0.4356335541111674,0.78,68,136,68,345.46,3.49,0.815,B3LYP/6-31G*,5.212,0.451,-0.7118891336765205,False,0.0,1.0,4.2735,1.0585,6.58,5.418749999999999,6.58,False,0.0,1.0,False,1.0,1.0,10.643,mol_18,,,,,,,,
CCN(Cc1ccc(-c2nccn2C)cc1)C1CCS(=O)(=O)CC1,False,Fail_hERG_HighRisk,False,Step3c+4a,8.689625167125719,8.689625167125719,0.6040080716531846,8.931228395786993,neutral,7.518400000000005,0.8337643158639129,True,0,347.4840000000001,2.4862,0,5,5,55.2,0.7233333333333334,True,0.711,10.353,-9.4579,-6.437,3.0209,,,,,,34,4,2.4565699080624164,0.0,-0.65,xtb_success,0.6128686737902638,0.5833333333333334,139,137,-2,347.48,2.49,0.834,,,,,,,,,,,,,,,,,,,,,,,,,,,,
CCCc1ccc(-c2cc(-c3cc(CC(N)=O)ccn3)ccn2)cc1,True,Pass,True,Step3c+4a,8.706373775411404,8.706373775411404,0.5611659393459291,8.930840151149775,neutral,7.547200000000003,0.7469085672888974,True,0,331.419,3.7909000000000015,1,3,6,68.87,0.43,False,0.828,10.587,-9.9722,-7.4464,2.5258,,,,,,27,14,2.1428050823304883,0.0,-0.529,xtb_success,0.4652370562084701,0.785,92,138,46,331.42,3.79,0.747,,,,,,,,,,,,,,,,,,,,,,,,,,,,
COCCN(C)Cc1cccc(-c2nc3c(s2)CCCC3)c1OC,False,Fail_hERG_HighRisk,False,Step3c+4a,8.715218342150543,8.715218342150543,0.5363086658440486,8.929741808488162,neutral,7.579600000000007,0.7641590979418834,True,0,346.4960000000002,3.775700000000003,0,5,7,34.59,0.7633333333333333,True,0.695,10.319,-9.6581,-7.4063,2.2517,,,,,,37,1,2.4646120682040653,0.0,-0.352,xtb_success,0.3890123797772123,0.8799999999999999,70,139,69,346.5,3.78,0.764,,,,,,,,,,,,,,,,,,,,,,,,,,,,
O=C(c1cccc(Cc2cncnc2)c1)c1ccc2c(c1)CCCC2,False,Fail_hERG_HighRisk,False,Step3c+4a,8.7105266935442,8.7105266935442,0.5469671213883038,8.929313542099521,neutral,7.594000000000007,0.6749121582322387,True,0,328.4150000000002,4.177200000000004,0,3,4,42.85,0.5904360620652755,True,0.764,10.457,-10.194,-7.9175,2.2765,,,,,,7,3,2.2092938557192614,0.0,-0.46,xtb_success,0.3956673162690055,0.9000000000000001,82,140,58,328.42,4.18,0.675,,,,,,,,,,,,,,,,,,,,,,,,,,,,
NC(=O)Cc1ccnc(-c2ccc(-c3cc(CC(N)=O)ccn3)cc2)c1,True,Pass,True,Step3c+4a,8.69599726908521,8.69599726908521,0.5832396717140383,8.929293137770825,neutral,7.567200000000001,0.70920467722739,True,0,346.39,1.8662,2,4,6,111.96,0.2866666666666667,False,0.885,10.7,-10.0407,-7.4065,2.6342,,,,,,27,16,2.258050695284867,0.0,-0.529,xtb_success,0.4967709595914834,0.785,123,141,18,346.39,1.87,0.709,,,,,,,,,,,,,,,,,,,,,,,,,,,,
Cc1ccc(-c2ccc(-c3cc(CC[C@](C)(O)C(=O)[O-])ccn3)cc2)cc1,True,Pass,True,Step3c+4a,8.67414440129346,8.67414440129346,0.636248353605812,8.928643742735785,neutral,7.595800000000004,0.7327788196647055,True,0,360.433,3.1575200000000017,1,4,6,73.25,0.4433333333333333,False,0.823,10.574,-9.7562,-7.139,2.6172,,,,,,96,34,2.880450085388958,0.0,-0.416,xtb_success,0.4917833622940171,0.9733333333333336,181,142,-39,360.43,3.16,0.733,,,,,,,,,,,,,,,,,,,,,,,,,,,,
COCc1ccc(Cc2nc(-c3ccccn3)cs2)c(OC)c1,False,Fail_hERG_HighRisk,False,Step3c+4a,8.672365361868893,8.672365361868893,0.6386268269293397,8.92781609264063,neutral,7.551800000000007,0.6878077713290938,True,0,326.42100000000005,3.9509000000000025,0,5,6,44.24,0.72,True,0.712,10.352,-10.1013,-7.327,2.7744,,,,,,55,6,2.233385237956613,0.0,-0.349,xtb_success,0.5383954670419139,0.8724999999999999,187,143,-44,326.42,3.95,0.688,,,,,,,,,,,,,,,,,,,,,,,,,,,,
COCCc1ccc(-c2ccc(-c3c(OC)cccc3OC)o2)o1,False,Fail_hERG_HighRisk,False,Step3c+4a,8.680387719879949,8.680387719879949,0.6135758163722025,8.92581804642883,neutral,7.601800000000006,0.642716850056219,True,0,328.3640000000001,4.412700000000004,0,5,7,53.97,0.6726186521032183,True,0.731,10.388,-9.5683,-6.907,2.6613,,,,,,36,33,2.427707051481656,0.0,-0.347,xtb_success,0.5047511662460036,0.8674999999999999,161,144,-17,328.36,4.41,0.643,,,,,,,,,,,,,,,,,,,,,,,,,,,,
COc1ccc(C(=O)c2ccc(F)c(F)c2)cc1-c1ccccn1,False,Fail_hERG_HighRisk,False,Step3c+4a,8.72711214791045,8.72711214791045,0.4953721605761282,8.9252610121409,physically_filtered,7.585200000000009,0.672669001415264,True,0,325.314,4.266400000000003,0,3,4,39.19,0.5266666666666666,True,0.789,10.504,-10.0573,-8.1463,1.911,,,,,,98,4,1.94422352797192,0.0,-0.434,xtb_success,0.3033888008230402,0.9433333333333336,52,145,93,325.31,4.27,0.673,,,,,,,,,,,,,,,,,,,,,,,,,,,,
NC(=O)CCc1ccc(-c2cc(C(F)F)ccn2)cc1C(F)F,True,Pass,True,Step3c+4a+4b,8.677257656493367,8.677257656493367,0.6188781520954363,8.924808917331541,neutral,7.538500000000004,0.8145476631858902,True,0,326.293,4.041700000000001,1,2,6,55.98,0.42,False,0.832,10.589,-10.4183,-7.5892,2.8291,4.968,3.984,-6.448,-1.479,-1202.2185585782065,7,7,2.685161750995812,0.0,-0.539,xtb_success,0.5548259315649091,0.7683333333333333,169,146,-23,326.29,4.04,0.815,B3LYP/6-31G*,5.212,0.451,-0.3649179592795606,False,0.0,1.0,4.2735,1.0585,6.58,5.418749999999999,6.58,False,0.0,1.0,False,1.0,1.0,10.589,mol_24,,,,,,,,
CCCc1cc(-c2cc(-c3cc(CC(N)=O)ccn3)ccn2)ccn1,True,Pass,True,Step3c+4a,8.716962477817018,8.716962477817018,0.5191795153239164,8.924634283946585,neutral,7.581000000000005,0.751378279792431,True,0,332.407,3.185900000000001,1,4,6,81.76,0.3966666666666666,False,0.841,10.607,-9.937,-7.6251,2.3119,,,,,,23,21,2.397266620792026,0.0,-0.529,xtb_success,0.4052564504627377,0.785,66,147,81,332.41,3.19,0.751,,,,,,,,,,,,,,,,,,,,,,,,,,,,
NC(=O)Cc1ccc(-c2cc(-c3cc(CC(N)=O)ccn3)ccn2)cc1,True,Pass,True,Step3c+4a,8.699360533118472,8.699360533118472,0.5569326251542692,8.92213358318018,neutral,7.569400000000001,0.70920467722739,True,0,346.39,1.8662,2,4,6,111.96,0.34,False,0.864,10.65,-10.0337,-7.519,2.5147,,,,,,57,30,2.246418054952226,0.0,-0.533,xtb_success,0.4620466073632417,0.7783333333333333,109,148,39,346.39,1.87,0.709,,,,,,,,,,,,,,,,,,,,,,,,,,,,
CO[C@@H](Cc1cccc(C)c1)c1cc2cc(C)c(C)cc2[nH]c1=O,False,Fail_hERG_HighRisk,False,Step3c+4a,8.67439155866597,8.67439155866597,0.616167959230025,8.92085874235798,neutral,7.570100000000012,0.7744362854251607,True,0,321.42,4.383560000000004,1,2,4,42.09,0.6333333333333333,True,0.747,10.414,-10.3163,-7.4432,2.8731,,,,,,98,8,2.829265840466208,0.0,-0.563,xtb_success,0.5680970846143213,0.7283333333333335,180,149,-31,321.42,4.38,0.774,,,,,,,,,,,,,,,,,,,,,,,,,,,,
NC(=O)Cc1ccnc(-c2ccc(-c3ccnc(CC(N)=O)c3)cc2)c1,True,Pass,True,Step3c+4a,8.689634171372113,8.689634171372113,0.5751175357443814,8.919681185669866,neutral,7.564000000000001,0.70920467722739,True,0,346.39000000000004,1.8662,2,4,6,111.96,0.2666666666666666,False,0.893,10.706,-10.0851,-7.4661,2.619,,,,,,57,31,2.289681672415844,0.0,-0.539,xtb_success,0.4923107653491164,0.7683333333333333,138,150,12,346.39,1.87,0.709,,,,,,,,,,,,,,,,,,,,,,,,,,,,
COCc1ccc(C(=O)N2CCN(C(=O)c3nc(C(=O)OC)cs3)CC2)cc1,False,Fail_hERG_HighRisk,False,Step3c+4a,8.704666151314239,8.704666151314239,0.5327257495697286,8.91775645114213,neutral,7.576400000000006,0.7059343568385087,True,0,403.46000000000015,1.6743,0,7,5,89.04,0.5933333333333334,True,0.763,10.443,-10.6963,-8.3038,2.3925,,,,,,35,10,2.2470102710502005,0.0,-0.533,xtb_success,0.4274653565281838,0.7783333333333333,97,151,54,403.46,1.67,0.706,,,,,,,,,,,,,,,,,,,,,,,,,,,,
COc1ccc(-c2ccc(F)c(F)c2)cc1C(=O)c1cncnc1,True,Pass,True,Step3c+4a+4b,8.704044369705214,8.704044369705214,0.5331934131132883,8.917321734950528,neutral,7.576400000000011,0.6866749382174584,True,0,326.302,3.661400000000003,0,4,4,52.08,0.3943702290076336,False,0.842,10.602,-10.4639,-8.344,2.1199,4.166,4.175,-6.281,-2.115,-1152.716369323208,70,5,2.156930994035269,0.0,-0.43,xtb_success,0.3545620187332689,0.9500000000000002,101,152,51,326.3,3.66,0.687,B3LYP/6-31G*,5.212,0.451,-1.5643614156000842,False,0.0321807078000421,0.967819292199958,4.2735,1.0585,6.58,5.418749999999999,6.58,False,0.0,1.0,False,1.0,0.967819292199958,10.260820135903954,mol_30,,,,,,,,
CCN(Cc1ccc(F)cc1)C(=O)N[C@H]1CCCN(CCc2cccc(F)c2F)C1,False,Fail_hERG_HighRisk,False,Step3c+4a,8.697289495166164,8.697289495166164,0.5496920504234788,8.917166315335555,neutral,7.608800000000006,0.7246817775796613,True,0,419.49100000000016,4.342500000000004,1,2,7,35.58,0.8433333333333334,True,0.663,10.242,-9.3543,-6.7325,2.6218,,,,,,53,2,2.7385139362367354,0.0,-0.591,xtb_success,0.4931315006049696,0.6816666666666668,118,153,35,419.49,4.34,0.725,,,,,,,,,,,,,,,,,,,,,,,,,,,,
O=C(OCN1CCN(C2CCCCC2)CC1)c1cccc(Cc2ccccc2)c1,False,Fail_hERG_HighRisk,False,Step3c+4a,8.735892220144997,8.735892220144997,0.4517960005707185,8.916610620373284,physically_filtered,7.609500000000009,0.6847859755781236,True,0,392.543,4.342000000000004,0,4,6,32.78,0.8136714374611076,True,0.675,10.266,-9.405,-7.5975,1.8075,,,,,,52,2,2.160007676440726,0.0,-0.488,xtb_success,0.2797085722438836,0.8533333333333334,42,154,112,392.54,4.34,0.685,,,,,,,,,,,,,,,,,,,,,,,,,,,,
COCc1ccc(Cc2ccc(C(=O)c3ccccn3)cc2)cc1,False,Fail_hERG_HighRisk,False,Step3c+4a,8.711288203160574,8.711288203160574,0.5098908576619188,8.915244546225342,neutral,7.576800000000008,0.6438818159891249,True,0,317.38800000000003,4.049800000000003,0,3,6,39.19,0.52,True,0.792,10.499,-10.246,-8.2045,2.0415,,,,,,51,8,1.86089126552848,0.0,-0.449,xtb_success,0.3348440823741698,0.9183333333333332,80,155,75,317.39,4.05,0.644,,,,,,,,,,,,,,,,,,,,,,,,,,,,
COc1ccc(Cc2ccc(-c3nc(OC)cs3)cc2)cc1,False,Fail_hERG_HighRisk,False,Step3c+4a,8.692870907852406,8.692870907852406,0.5508323468421823,8.913203846589278,neutral,7.559200000000008,0.6988112813275589,True,0,311.406,4.418100000000004,0,4,5,31.35,0.591581756428918,True,0.763,10.44,-10.1157,-7.6227,2.493,,,,,,50,28,2.010719270648295,0.0,-0.309,xtb_success,0.4558319240602604,0.7725,131,156,25,311.41,4.42,0.699,,,,,,,,,,,,,,,,,,,,,,,,,,,,
O=C(c1ccc(F)cc1)c1ccc([C@@H]2CCS(=O)(=O)C2)cc1,True,Pass,True,Step3c+4a+4b,8.68769318338514,8.68769318338514,0.5621605313441813,8.912557395922812,neutral,7.527100000000008,0.8176555826667907,True,0,318.3690000000001,2.958800000000002,0,3,3,51.21,0.4866666666666667,False,0.805,10.523,-10.9354,-8.1192,2.8162,4.849,2.957,-6.681,-1.833,-1380.457811018245,49,5,2.4770271725229893,0.0,-0.647,xtb_success,0.5509436162059733,0.5883333333333334,146,157,11,318.37,2.96,0.818,B3LYP/6-31G*,5.212,0.451,-0.5428902426986905,False,0.0,1.0,4.2735,1.0585,6.58,5.418749999999999,6.58,False,0.0,1.0,False,1.0,1.0,10.523,mol_28,,,,,,,,
Cc1cccc(Cc2ccc(C(=O)N3CCN([N-]C(=O)C(C)C)CC3)o2)c1,False,Fail_hERG_HighRisk,False,Step3c+4a,8.722554847158177,8.722554847158177,0.4706504362710619,8.910815021666602,neutral,7.627800000000007,0.8110319312183589,True,0,368.45700000000016,3.4079200000000025,0,4,5,67.86,0.7568327368210749,True,0.697,10.305,-9.1929,-7.1042,2.0887,,,,,,87,1,3.1076111845100858,0.0,-0.544,xtb_success,0.3466434803872314,0.76,56,158,102,368.46,3.41,0.811,,,,,,,,,,,,,,,,,,,,,,,,,,,,
COc1ccc(Cn2cc(CNC(=O)C3=C(C)N=N[C@@H]3C)ccc2=O)cc1,False,Fail_hERG_HighRisk,False,Step3c+4a,8.731815723235206,8.731815723235206,0.4405869479051281,8.908050502397257,physically_filtered,7.613300000000005,0.8527819493781537,True,0,366.4210000000001,2.649700000000001,1,6,6,85.05,0.64,True,0.744,10.396,-10.33,-8.3635,1.9665,,,,,,25,3,3.078752514538757,0.0,-0.562,xtb_success,0.3165527827216116,0.73,44,159,115,366.42,2.65,0.853,,,,,,,,,,,,,,,,,,,,,,,,,,,,
O=C(c1ccc(N2CCN(C(=O)NCc3ccccc3)CC2)nc1)c1ccccc1F,False,Fail_hERG_HighRisk,False,Step3c+4a,8.728896968752018,8.728896968752018,0.4449403536171504,8.906873110198879,neutral,7.614100000000007,0.644582062839884,True,0,418.47200000000015,3.483500000000003,1,4,5,65.54,0.7,True,0.72,10.347,-9.9682,-7.9294,2.0389,,,,,,82,0,2.0749406266793216,0.0,-0.578,xtb_success,0.3342005051673577,0.7033333333333335,49,160,111,418.47,3.48,0.645,,,,,,,,,,,,,,,,,,,,,,,,,,,,
C#CCc1ccnc(-c2cc(-c3cc(CC(N)=O)ccn3)ccn2)c1,True,Pass,True,Step3c+4a,8.694816061032391,8.694816061032391,0.5284098305353471,8.90617999324653,neutral,7.599700000000002,0.7292612154539522,True,0,328.37499999999994,2.4091,1,4,5,81.76,0.41,False,0.836,10.578,-9.9783,-7.6234,2.3548,,,,,,77,24,2.6951454669458723,0.0,-0.527,xtb_success,0.4170140436219244,0.7883333333333333,125,161,36,328.37,2.41,0.729,,,,,,,,,,,,,,,,,,,,,,,,,,,,
COCc1ccc(-c2nc(-c3nc(OC)cs3)cs2)cc1,False,Fail_hERG_HighRisk,False,Step3c+4a,8.686208898000782,8.686208898000782,0.5481168915174226,8.905455654607751,neutral,7.572800000000008,0.7105603129366123,True,0,318.423,4.088600000000003,0,6,5,44.24,0.581581756428918,True,0.767,10.44,-10.2639,-7.9262,2.3377,,,,,,50,42,2.4137399634334304,0.0,-0.346,xtb_success,0.4123098450248896,0.8649999999999999,151,162,11,318.42,4.09,0.711,,,,,,,,,,,,,,,,,,,,,,,,,,,,
CC[C@@H](NC(=O)c1cc(=O)c2ccccc2o1)c1ccc(C)cc1,False,Fail_hERG_HighRisk,False,Step3c+4a,8.689969274568067,8.689969274568067,0.5349653191142814,8.90395540221378,neutral,7.53750000000001,0.7903916969686677,True,0,321.37600000000003,3.9825200000000014,1,3,4,59.31,0.6326186521032182,True,0.747,10.398,-10.6364,-8.3047,2.3317,,,,,,30,1,2.4272657391627703,0.0,-0.505,xtb_success,0.4106647415918305,0.8250000000000001,137,163,26,321.38,3.98,0.79,,,,,,,,,,,,,,,,,,,,,,,,,,,,
Cc1ccc(N2CCC(C(=O)Nc3cscn3)CC2)cc1Br,False,Fail_hERG_HighRisk,False,Step3c+4a,8.688754918217573,8.688754918217573,0.535196468953457,8.902833505798956,neutral,7.496,0.8733217606197476,True,0,380.31100000000015,4.0691200000000025,1,4,3,45.23,0.7766666666666666,True,0.689,10.282,-9.5895,-7.3011,2.2883,,,,,,24,0,2.4390596209230218,0.0,-0.488,xtb_success,0.3988520985049386,0.8533333333333334,142,164,22,380.31,4.07,0.873,,,,,,,,,,,,,,,,,,,,,,,,,,,,
Cc1sc(NC(=O)Cc2ccc(C(=O)OC(C)C)cc2)c(CC(N)=O)c1C,False,Fail_PySCF_Gap,True,Step3c+4a+4b,8.68092634593339,8.68092634593339,0.5535416811482604,8.902343018392694,neutral,7.561900000000006,0.7119872625273136,True,0,388.4890000000002,3.1391400000000003,2,5,7,98.49,0.2866666666666667,False,0.885,10.673,-10.1905,-7.6679,2.5227,3.851,4.512,-5.387,-1.537,-1585.18857619838,17,1,2.3696728533027205,0.0,-0.543,xtb_success,0.4643452587832292,0.7616666666666666,159,165,6,388.49,3.14,0.712,B3LYP/6-31G*,5.212,0.451,-2.03546451876837,False,0.2677322593841853,0.7322677406158147,4.2735,1.0585,6.58,5.418749999999999,6.58,False,0.0,1.0,False,1.0,0.7322677406158147,7.81549359559259,,,,,,,,,
COCCc1cc(-c2cc(-c3cc(OC)ccn3)ccn2)ccn1,False,Fail_hERG_HighRisk,False,Step3c+4a,8.676342699195253,8.676342699195253,0.5636725035833019,8.901811700628574,neutral,7.559300000000003,0.696227651496197,True,0,321.38,3.403100000000002,0,5,6,57.13,0.55,True,0.78,10.462,-10.0073,-7.601,2.4063,,,,,,67,46,2.3107112655284805,0.0,-0.349,xtb_success,0.4313178622618598,0.8724999999999999,172,166,-6,321.38,3.4,0.696,,,,,,,,,,,,,,,,,,,,,,,,,,,,
COCCN(C)C(=O)c1cc(C(=O)OCCc2cc(C)ccc2C)ccc1F,False,Fail_hERG_HighRisk,False,Step3c+4a,8.686416772112917,8.686416772112917,0.5377553938651629,8.901518929658982,neutral,7.584800000000007,0.6501643638476613,True,0,387.4510000000001,3.5604400000000025,0,4,8,55.84,0.6733333333333333,True,0.731,10.363,-10.3322,-7.9242,2.408,,,,,,14,3,2.234654098109216,0.0,-0.529,xtb_success,0.4317934198073757,0.785,150,167,17,387.45,3.56,0.65,,,,,,,,,,,,,,,,,,,,,,,,,,,,
COc1cc(Cc2scc(C=O)c2C(C)(C)C)cc(OC)c1,True,Pass,True,Step3c+4a,8.677512594234868,8.677512594234868,0.5596301006416238,8.901364634491518,neutral,7.56640000000001,0.7632507902014731,True,0,318.43800000000005,4.466100000000004,0,4,5,35.53,0.4149150897622513,False,0.834,10.569,-10.2149,-7.9164,2.2985,,,,,,19,4,2.7002495110329114,0.0,-0.443,xtb_success,0.401614429488034,0.9283333333333332,168,168,0,318.44,4.47,0.763,,,,,,,,,,,,,,,,,,,,,,,,,,,,
COc1ccccc1NC(=O)c1ccc2c(=O)n(OCC(F)(F)F)c(=O)[nH]c2c1,False,Fail_hERG_HighRisk,False,Step3c+4a,8.70878481942897,8.70878481942897,0.4785300353620608,8.900196833573794,physically_filtered,7.622800000000007,0.6706965462390979,True,0,409.3200000000001,1.9416,2,6,5,102.42,0.8033333333333333,True,0.679,10.258,-10.2774,-8.2905,1.9869,,,,,,16,0,2.493634536905841,0.0,-0.493,xtb_success,0.3214714790886584,0.8450000000000001,88,169,81,409.32,1.94,0.671,,,,,,,,,,,,,,,,,,,,,,,,,,,,
C#CCc1ccc(-c2ccc(-c3nc(CC(N)=O)cs3)cc2)cc1CC(N)=O,True,Pass,True,Step3c+4a+4b,8.672257436911522,8.672257436911522,0.5662326957040656,8.898750515193148,neutral,7.631500000000006,0.6078279309541988,True,0,389.4800000000001,2.7084,2,4,7,99.07,0.39,False,0.844,10.587,-10.2863,-7.7158,2.5706,4.302,6.191,-5.999,-1.698,-1562.6223711020857,91,15,2.631565285655848,0.0,-0.537,xtb_success,0.4781895652915224,0.7716666666666666,188,170,-18,389.48,2.71,0.608,B3LYP/6-31G*,5.212,0.451,-1.3609645202639369,False,0.0,1.0,4.2735,1.0585,6.58,5.418749999999999,6.58,False,0.6650161458212993,0.3349838541787007,False,1.0,0.3349838541787007,3.546474064189904,,,,,,,,,
COc1ccc(-c2cncnc2)cc1C(=O)c1ccc(F)c(F)c1,True,Pass,True,Step3c+4a,8.69443565929797,8.69443565929797,0.503873103250729,8.895984900598261,physically_filtered,7.563400000000007,0.6866749382174584,True,0,326.302,3.661400000000002,0,4,4,52.08,0.3933469863772481,False,0.843,10.581,-10.2012,-8.2963,1.9049,,,,,,70,4,2.1230180981076643,0.0,-0.415,xtb_success,0.30196157607247,0.975,128,171,43,326.3,3.66,0.687,,,,,,,,,,,,,,,,,,,,,,,,,,,,
CCCc1cc(-c2cc(-c3cc(CC(=O)[O-])ccn3)ccn2)ccn1,True,Pass,True,Step3c+4a,8.668631598155375,8.668631598155375,0.5670067714493225,8.895434306735105,neutral,7.594700000000002,0.6926107512383798,True,0,332.383,2.4505,0,5,6,78.8,0.3782484230955846,False,0.849,10.593,-10.5975,-8.0502,2.5473,,,,,,80,11,2.723737774638181,0.0,-0.526,xtb_success,0.4714382449276036,0.79,199,172,-27,332.38,2.45,0.693,,,,,,,,,,,,,,,,,,,,,,,,,,,,
COCc1nc(-c2ccc(-c3nc(OC)cs3)cc2)cs1,False,Fail_PySCF_Gap,True,Step3c+4a+4b,8.678079263700653,8.678079263700653,0.5358929559378477,8.892436446075791,neutral,7.564600000000004,0.7105603129366123,True,0,318.423,4.088600000000002,0,6,5,44.24,0.4949150897622513,False,0.802,10.497,-10.1655,-7.8643,2.3012,3.845,2.888,-5.452,-1.608,-1636.2958350894455,50,41,2.413036306434691,0.0,-0.339,xtb_success,0.402347079911211,0.8475,165,173,8,318.42,4.09,0.711,B3LYP/6-31G*,5.212,0.451,-2.0444379112096707,False,0.2722189556048353,0.7277810443951647,4.2735,1.0585,6.58,5.418749999999999,6.58,False,0.0,1.0,False,1.0,0.7277810443951647,7.639517623016044,,,,,,,,,
NC(=O)Cc1ccc(-c2cc(-c3nc(CC(N)=O)cs3)ccn2)cc1,True,Pass,True,Step3c+4a,8.695578766893288,8.695578766893288,0.4887058713631683,8.891061115438555,neutral,7.571900000000004,0.7055774884975202,True,0,352.419,1.9277,2,5,6,111.96,0.4466666666666666,False,0.821,10.534,-10.2012,-8.0451,2.1561,,,,,,57,29,2.291099773554757,0.0,-0.532,xtb_success,0.363865530518812,0.78,124,174,50,352.42,1.93,0.706,,,,,,,,,,,,,,,,,,,,,,,,,,,,
NC(=O)Cc1ccc(-c2nc(-c3nc(CC(N)=O)cs3)cs2)cc1,True,Pass,True,Step3c+4a+4b,8.66822153018764,8.66822153018764,0.5508486221701381,8.888560979055695,neutral,7.556400000000002,0.7014326075986194,True,0,358.448,1.9892,2,6,6,111.96,0.3633333333333333,False,0.855,10.598,-10.393,-7.9162,2.4768,4.338,6.822,-6.042,-1.704,-1783.968874055283,91,14,2.388947736116716,0.0,-0.53,xtb_success,0.4512123173859116,0.7833333333333333,200,175,-25,358.45,1.99,0.701,B3LYP/6-31G*,5.212,0.451,-1.307124165616132,False,0.0,1.0,4.2735,1.0585,6.58,5.418749999999999,6.58,True,1.0,0.0,True,1.0,0.0,0.0,,,,,,,,,
COCc1ccc(Cc2ccc(C(=O)C3CC[NH+](C)CC3)cc2)cc1,False,Fail_hERG_HighRisk,False,Step3c+4a,8.694561704032374,8.694561704032374,0.4809376638792263,8.886936769584064,physically_filtered,7.580200000000007,0.8207548091462152,True,0,338.47100000000006,2.5312,1,2,6,30.74,0.5966666666666667,True,0.761,10.41,-7.7497,-5.9477,1.802,,,,,,50,10,2.960157005407412,0.0,-0.428,xtb_success,0.2784823769703233,0.9533333333333336,127,176,49,338.47,2.53,0.821,,,,,,,,,,,,,,,,,,,,,,,,,,,,
Cc1cc(N(Cc2ccc(NC(=O)c3ccoc3)cc2)C(C)C)nn1C,False,Fail_hERG_HighRisk,False,Step3c+4a,8.708107233196763,8.708107233196763,0.442537555790235,8.885122255512858,physically_filtered,7.603500000000008,0.7285097215043642,True,0,352.4380000000001,3.988820000000003,1,5,6,63.3,0.5826186521032183,True,0.767,10.419,-8.9723,-7.1222,1.8502,,,,,,34,2,2.5964762755542825,0.0,-0.52,xtb_success,0.2893393654146216,0.8,90,177,87,352.44,3.99,0.729,,,,,,,,,,,,,,,,,,,,,,,,,,,,
CC(C)S(=O)(=O)Cc1ccc(-c2ccc(-c3ccccn3)nc2)cc1,False,Fail_hERG_HighRisk,False,Step3c+4a,8.696917419809775,8.696917419809775,0.4702404071248092,8.885013582659699,neutral,7.567800000000005,0.6924685754789204,True,0,352.45900000000006,4.133800000000003,0,4,5,59.92,0.5677035623409669,True,0.773,10.431,-9.9531,-7.594,2.3591,,,,,,73,21,2.171168679296903,0.0,-0.645,xtb_success,0.4182005816068704,0.5916666666666667,119,178,59,352.46,4.13,0.692,,,,,,,,,,,,,,,,,,,,,,,,,,,,
CCc1ccc(Cc2cc(CC(N)=S)ccn2)cc1-c1ccccn1,False,Fail_hERG_HighRisk,False,Step3c+4a,8.6690318219642,8.6690318219642,0.5334223761906873,8.882400772440475,neutral,7.575100000000003,0.6814342757791052,True,0,347.487,4.125400000000003,1,3,6,51.8,0.5133333333333333,True,0.795,10.472,-9.5041,-7.1261,2.3781,,,,,,41,5,2.467853159253565,0.0,-0.526,xtb_success,0.4234605374152676,0.79,197,179,-18,347.49,4.13,0.681,,,,,,,,,,,,,,,,,,,,,,,,,,,,
COCC(=O)C1CCN(C(=O)N2CCN(C3CCN(C(=O)OC)CC3)CC2)CC1,True,Pass,True,Step3c+4a+4b,8.691675724046007,8.691675724046007,0.4711554276513021,8.880137895106529,neutral,7.6033000000000035,0.6844133629778668,True,0,410.5150000000002,0.8823000000000016,0,6,4,82.63,0.4233333333333333,False,0.831,10.541,-9.5196,-7.3363,2.1833,4.621,3.684,-5.549,-0.928,-1377.6958362339324,35,9,2.5383095744292934,0.0,-0.577,xtb_success,0.3709363252161459,0.7050000000000001,133,180,47,410.52,0.88,0.684,B3LYP/6-31G*,5.212,0.451,-0.8838791554681159,False,0.0,1.0,4.2735,1.0585,6.58,5.418749999999999,6.58,False,0.0,1.0,False,1.0,1.0,10.541,mol_27,,,,,,,,
COc1ccc(C(=O)c2cncnc2)cc1-c1ccc(C)cc1,True,Pass,True,Step3c+4a+4b,8.675521149909873,8.675521149909873,0.5103975233619139,8.879680159254638,neutral,7.5789000000000115,0.6897676018069856,True,0,304.34900000000005,3.691620000000002,0,4,4,52.08,0.4133333333333333,False,0.835,10.549,-10.3688,-8.3215,2.0473,4.131,4.664,-6.114,-1.983,-993.5751589855764,98,3,2.004525786959848,0.0,-0.45,xtb_success,0.3362821762313056,0.9166666666666669,175,181,6,304.35,3.69,0.69,B3LYP/6-31G*,5.212,0.451,-1.6167062048410052,False,0.0583531024205026,0.9416468975794974,4.2735,1.0585,6.58,5.418749999999999,6.58,False,0.0,1.0,False,1.0,0.9416468975794974,9.933433122566118,mol_31,,,,,,,,
COc1cc(Cc2ccc(-c3cc(C(=O)CCC(N)=O)ccn3)cc2)ccn1,True,Pass,True,Step3c+4a,8.683384380914035,8.683384380914035,0.4697456884418647,8.87128265629078,neutral,7.608300000000003,0.6101888092221319,True,0,375.428,3.1912000000000003,1,5,8,95.17,0.4066666666666667,False,0.837,10.546,-10.2207,-8.1485,2.0722,,,,,,2,7,2.300100236970355,0.0,-0.54,xtb_success,0.3424938406312354,0.7666666666666666,156,182,26,375.43,3.19,0.61,,,,,,,,,,,,,,,,,,,,,,,,,,,,
CCCN(CCc1cc(CC(F)(F)F)ccn1)CC(C)(C)C,False,Fail_hERG_HighRisk,False,Step3c+4a,8.672781713344634,8.672781713344634,0.4795782004064473,8.864612993507212,neutral,7.57370000000001,0.7367489593562293,True,0,316.41100000000006,4.4870000000000045,0,2,7,16.13,0.6733333333333333,True,0.731,10.326,-9.3007,-6.9567,2.344,,,,,,34,12,2.667198976482714,0.0,-0.253,xtb_success,0.4140402862949248,0.6325,184,183,-1,316.41,4.49,0.737,,,,,,,,,,,,,,,,,,,,,,,,,,,,
CCN(Cc1ccc(-c2nccn2C)cc1)c1ccc2c(c1)C(=O)NC2=O,False,Fail_hERG_HighRisk,False,Step3c+4a,8.685288075598312,8.685288075598312,0.4307252142876178,8.85757816131336,physically_filtered,7.575600000000006,0.7105013635442354,True,0,360.41700000000014,2.997200000000001,1,5,5,67.23,0.661581756428918,True,0.735,10.328,-9.9298,-8.3177,1.6121,,,,,,34,5,2.455626061738121,0.0,-0.472,xtb_success,0.2381788775537398,0.8800000000000001,152,184,32,360.42,3.0,0.711,,,,,,,,,,,,,,,,,,,,,,,,,,,,
COCc1ccc(Cc2ccc(CCC3CC[NH+](C)CC3)cc2)cc1,False,Fail_hERG_HighRisk,False,Step3c+4a,8.722156942420778,8.722156942420778,0.3347829700518179,8.856070130441505,physically_filtered,7.608000000000008,0.8178634787575837,True,0,338.51500000000004,3.281100000000002,1,1,7,13.67,0.6733333333333333,True,0.731,10.317,-5.3727,-4.9845,0.3882,,,,,,50,11,2.947747969580224,0.0,-0.381,xtb_success,0.0700471000740256,0.9525,57,185,128,338.52,3.28,0.818,,,,,,,,,,,,,,,,,,,,,,,,,,,,
CC(C)(C)CC(=O)CS(=O)(=O)c1ccc(CC(=O)c2ccccn2)cc1,True,Pass,True,Step3c+4a,8.673860548631428,8.673860548631428,0.4457278845991744,8.852151702471097,neutral,7.567700000000003,0.6957923906051998,True,0,373.4740000000001,3.2860000000000023,0,5,7,81.17,0.45,False,0.82,10.492,-10.3786,-8.1703,2.2082,,,,,,73,8,2.417356466711764,0.0,-0.637,xtb_success,0.3774684065702492,0.605,182,186,4,373.47,3.29,0.696,,,,,,,,,,,,,,,,,,,,,,,,,,,,
CN(C)c1cccc(C(=O)c2ccc(CN3CCN(CCC4(O)CCCCC4)CC3)cc2)c1,False,Fail_hERG_HighRisk,False,Step3c+4a,8.68511616217253,8.68511616217253,0.4156228222848291,8.851365291086463,physically_filtered,7.618300000000005,0.6126849706716369,True,0,449.6390000000004,4.186500000000003,1,5,8,47.02,0.78,True,0.688,10.227,-9.3661,-7.737,1.629,,,,,,57,4,2.3952632316329385,0.0,-0.507,xtb_success,0.2416040318354703,0.8216666666666667,154,187,33,449.64,4.19,0.613,,,,,,,,,,,,,,,,,,,,,,,,,,,,
CCCc1ccc(CC2CCN(c3cccnn3)CC2)cc1,False,Fail_hERG_HighRisk,False,Step3c+4a,8.672399722778435,8.672399722778435,0.4435762917108653,8.849830239462781,neutral,7.578400000000009,0.8377445797479472,True,0,295.43,3.888200000000003,0,3,5,29.02,0.731581756428918,True,0.707,10.265,-9.3933,-7.1202,2.2731,,,,,,87,5,2.11139601990865,0.0,-0.223,xtb_success,0.3947518453012362,0.5575,186,188,2,295.43,3.89,0.838,,,,,,,,,,,,,,,,,,,,,,,,,,,,
NC(=O)Cc1cc(-c2cc(C=O)ccn2)ccc1Cc1cc(C=O)ccn1,False,Fail_PySCF_Gap,True,Step3c+4a+4b,8.66955087430226,8.66955087430226,0.403864097430861,8.831096513274604,neutral,7.618200000000002,0.6525109169960943,True,0,359.38500000000005,2.387200000000001,1,5,7,103.01,0.32,False,0.872,10.575,-10.3342,-8.6347,1.6995,3.478,4.286,-6.173,-2.695,-1200.3775669368338,68,12,2.7490458419579014,0.0,-0.551,xtb_success,0.25623442490123,0.7483333333333333,195,189,-6,359.39,2.39,0.653,B3LYP/6-31G*,5.212,0.451,-2.593310415535896,False,0.5466552077679478,0.4533447922320521,4.2735,1.0585,6.58,5.418749999999999,6.58,False,0.0,1.0,False,1.0,0.4533447922320521,4.794121177853951,,,,,,,,,
NC(=O)Cc1cc(-c2cc(-c3cc(C=O)ccn3)ccn2)ccn1,True,Pass,True,Step3c+4a,8.673338947229755,8.673338947229755,0.3847381891067342,8.827234222872448,physically_filtered,7.563400000000001,0.7258112388152876,True,0,318.336,2.0459,1,5,5,98.83,0.3233333333333333,False,0.871,10.569,-10.2525,-8.7311,1.5214,,,,,,71,51,2.524130462852895,0.0,-0.539,xtb_success,0.2203402701524774,0.7683333333333333,183,190,7,318.34,2.05,0.726,,,,,,,,,,,,,,,,,,,,,,,,,,,,
CCCCCc1ccnc(-c2cc(CC[NH3+])c(O)c(OC)c2)c1,False,Fail_hERG_HighRisk,False,Step3c+4a,8.6795553064146,8.6795553064146,0.3603671885857151,8.823702181848885,physically_filtered,7.592900000000004,0.7357783959551135,True,0,315.437,2.9799000000000007,2,3,8,69.99,0.7643702290076336,True,0.694,10.212,-6.15,-5.2471,0.9029,,,,,,93,16,2.7707835599560813,0.0,-0.451,xtb_success,0.1226674122653073,0.915,162,191,29,315.44,2.98,0.736,,,,,,,,,,,,,,,,,,,,,,,,,,,,
C[NH+]1CCC(CCN2CCN(C(=O)c3ccc(CC(C)(C)C)cc3)CC2)CC1,False,Fail_hERG_HighRisk,False,Step3c+4a,8.708957105054205,8.708957105054205,0.2824118881481297,8.821921860313457,physically_filtered,7.600100000000006,0.8413254171908806,True,0,386.6040000000002,2.3478000000000003,1,2,5,27.99,0.76,True,0.696,10.214,-6.2353,-4.9187,1.3167,,,,,,63,5,3.118056035412419,0.0,-0.692,xtb_success,0.183445554497328,0.5133333333333334,86,192,106,386.6,2.35,0.841,,,,,,,,,,,,,,,,,,,,,,,,,,,,
COc1ccc(CC(=O)N(C)C2CC[NH+](c3ccccc3)CC2)cc1,False,Fail_hERG_HighRisk,False,Step3c+4a,8.68667176903703,8.68667176903703,0.3360132322563669,8.821077061939576,physically_filtered,7.5540000000000065,0.9048884006939912,True,0,339.45900000000006,2.0751,1,2,5,33.98,0.8133333333333334,True,0.675,10.17,-6.6512,-5.8845,0.7667,,,,,,82,3,3.1977243130997195,0.0,-0.477,xtb_success,0.1064474746519527,0.8716666666666667,149,193,44,339.46,2.08,0.905,,,,,,,,,,,,,,,,,,,,,,,,,,,,
Cc1cccc(CN(c2ccc(F)c(F)c2)C2CN([NH+](C)C)C2)c1,False,Fail_hERG_HighRisk,False,Step3c+4a,8.700250542055453,8.700250542055453,0.2838431322894733,8.813787794971242,physically_filtered,7.561400000000007,0.8983354770767278,True,0,332.41800000000006,2.0235199999999995,1,2,5,10.92,0.7831228263854006,True,0.687,10.187,-5.7886,-5.5718,0.2168,,,,,,86,0,3.103171964829178,0.0,-0.325,xtb_success,0.0572759032706762,0.8125,106,194,88,332.42,2.02,0.898,,,,,,,,,,,,,,,,,,,,,,,,,,,,
Clc1ccc(-c2ccnc(C3=[NH+]CCCS3)c2)cc1Cl,False,Fail_hERG_HighRisk,False,Step3c+4a,8.6882414420636,8.6882414420636,0.3117034807597808,8.812922834367512,physically_filtered,7.559300000000008,0.9192411095184664,True,0,324.256,3.0195000000000016,1,2,2,26.86,0.5263880475018271,True,0.789,10.392,-7.9175,-7.1111,0.8065,,,,,,80,39,3.3067911269564245,0.0,-0.312,xtb_success,0.1110049725139726,0.7799999999999999,144,195,51,324.26,3.02,0.919,,,,,,,,,,,,,,,,,,,,,,,,,,,,
CC(C)(C)c1cc(C(=O)N2CCN(CC[N+](C)(C)CC(N)=O)CC2)ccn1,False,Fail_hERG_HighRisk,False,Step3c+4a,8.714616445672727,8.714616445672727,0.2283432712259601,8.805953754163111,physically_filtered,7.624800000000006,0.7414150489395999,True,0,376.52500000000015,0.6986000000000029,1,4,6,79.53,0.69,True,0.724,10.254,-6.8009,-6.1219,0.679,,,,,,2,4,2.808910787970793,0.0,-0.679,xtb_success,0.0969189588942288,0.5349999999999999,72,196,124,376.53,0.7,0.741,,,,,,,,,,,,,,,,,,,,,,,,,,,,
C[NH+]1CCC(N(CCC2CCCCC2)C(=O)c2ccc(C(C)(C)C)cc2)CC1,False,Fail_hERG_HighRisk,False,Step3c+4a,8.677730438810581,8.677730438810581,0.3108620001245503,8.802075238860402,physically_filtered,7.592100000000008,0.8117233797377094,True,0,385.61600000000016,4.073800000000003,1,1,5,24.75,0.7243027512764096,True,0.71,10.223,-6.3547,-4.9008,1.4539,,,,,,99,5,3.2023125105828187,0.0,-0.669,xtb_success,0.2076600001779291,0.5516666666666666,166,197,31,385.62,4.07,0.812,,,,,,,,,,,,,,,,,,,,,,,,,,,,
COCCc1ccc(Cc2ccc(CCC3CC[NH+](C)CC3)cc2)cc1,False,Fail_hERG_HighRisk,False,Step3c+4a,8.678484249292136,8.678484249292136,0.3016125726357777,8.799129278346447,physically_filtered,7.589000000000006,0.7693571899992587,True,0,352.54200000000003,3.3236000000000017,1,1,8,13.67,0.68,True,0.728,10.255,-5.3115,-4.967,0.3445,,,,,,50,13,2.9519434570749965,0.0,-0.34,xtb_success,0.0665893894796824,0.85,164,198,34,352.54,3.32,0.769,,,,,,,,,,,,,,,,,,,,,,,,,,,,
CC(C)(C)CCc1ccc(CCc2cc(C[NH3+])cc(C[NH3+])c2)cc1,False,Fail_hERG_HighRisk,False,Step3c+4a,8.67460697430031,8.67460697430031,0.273944718358523,8.78418486164372,physically_filtered,7.600800000000004,0.7859820708222682,True,0,326.528,2.9343000000000004,2,0,7,55.28,0.5066666666666667,True,0.797,10.379,-8.8433,-8.8384,0.0049,,,,,,97,18,3.1918406111082733,0.0,-0.514,xtb_success,0.0442067405121757,0.81,178,199,21,326.53,2.93,0.786,,,,,,,,,,,,,,,,,,,,,,,,,,,,
CCc1ccc(Cc2ccc(CCc3ccc(C[NH3+])cc3)cc2)cc1,False,Fail_hERG_HighRisk,False,Step3c+4a,8.708866180281676,8.708866180281676,0.1684948865058287,8.776264134884007,physically_filtered,7.587300000000004,0.666222665737135,True,0,330.49499999999995,4.366900000000002,1,0,7,27.64,0.5198301795245027,True,0.792,10.36,-5.6346,-5.4958,0.1388,,,,,,97,11,2.115451525868956,0.0,-0.176,xtb_success,0.0521355521511839,0.4399999999999999,87,200,113,330.49,4.37,0.666,,,,,,,,,,,,,,,,,,,,,,,,,,,,
